{"level": "ADM3", "source": "geoBoundaries gbOpen CHL", "license": "CC-BY-4.0", "units": [{"name": "Independencia", "rings": [[[-109.74738260742225, -1334.392781863702], [-128.6820260105232, -1086.63019419669], [-138.78940270615, -925.7718012300296], [-143.63204092724138, -863.8123416005965], [-153.7143965132885, -732.943304578307], [-160.07619066083927, -647.0243300834909], [-154.95706668964337, -584.9314611602388], [-149.33392889109527, -537.8239354065423], [-162.9423198718307, -541.6719243829917], [-280.70477684545307, -570.3325875996777], [-596.2329847052139, -655.5213349546818], [-1048.6990163719163, -783.287248515989], [-1401.551827744499, -919.502258129493], [-1401.6206984875687, -1394.7691218010439], [-105.4709902221998, -1394.8701082972318], [-109.74738260742225, -1334.392781863702]]], "clat": -33.42755102064154, "clon": -70.65763865838517, "env": {"solar_pvout": 1618.0, "solar_ghi": 2114.0, "temp_mean": 16.6, "temp_min": 7.3, "temp_max": 25.6, "wind_max_mean": 14.1, "precip_annual": 505.0}, "indicators": {"health_facilities": 26.0, "foreign_pop": 25896.0, "schools": 49.0}}, {"name": "Providencia", "rings": [[[1368.0399183769332, -12.624858151895639], [1359.4451702457989, -63.77702750291468], [1359.9047760019953, -68.07924905230595], [1361.8991678117852, -86.74671974344317], [1360.987314596499, -119.21186015547632], [1360.2970591480291, -143.78578395251432], [1356.567477395025, -169.08538879121548], [1345.9312104114329, -241.2353899978489], [1334.8766180754353, -313.54713964442755], [1321.1299648958213, -403.4682120944333], [1306.4797574425534, -503.40208324153144], [1297.4425939543257, -564.1216152090504], [1281.5621786647887, -677.1603045085153], [1279.3758325359172, -691.198412080406], [1296.7590466085753, -762.9259742137656], [1300.5948073157185, -798.891047815256], [1288.4909867836564, -821.1374266092281], [1291.6741975738878, -828.7414701415686], [1323.0031986944437, -855.2925921397773], [1346.5542182766944, -878.09963919762], [1374.3231389733503, -924.0286543269029], [1390.3942737961186, -962.4164760900734], [1401.5659818559675, -1017.174765055631], [1401.3983543600352, 139.4659009718958], [1368.0399183769332, -12.624858151895639]]], "clat": -33.432331724478416, "clon": -70.63538603010426, "env": {"solar_pvout": 1618.0, "solar_ghi": 2115.0, "temp_mean": 16.6, "temp_min": 7.3, "temp_max": 25.6, "wind_max_mean": 14.1, "precip_annual": 505.0}, "indicators": {"health_facilities": 126.0, "foreign_pop": 8907.0, "schools": 59.0}}, {"name": "Santiago", "rings": [[[-1048.6990163719163, -783.287248515989], [-596.2329847052139, -655.5213349546818], [-280.70477684545307, -570.3325875996777], [-162.9423198718307, -541.6719243829917], [-149.33392889109527, -537.8239354065423], [418.90079131883834, -377.13376190029095], [874.1993293761234, -243.68569201015683], [1360.987314596499, -119.21186015547632], [1361.8991678117852, -86.74671974344317], [1359.9047760019953, -68.07924905230595], [1359.4451702457989, -63.77702750291468], [1368.0399183769332, -12.624858151895639], [1401.3983543600352, 139.4659009718958], [1401.2163633637585, 1394.9750713393053], [-1401.2163633637585, 1394.9750713393053], [-1401.551827744499, -919.502258129493], [-1048.6990163719163, -783.287248515989]]], "clat": -33.440938862561836, "clon": -70.65107144807978, "env": {"solar_pvout": 1618.0, "solar_ghi": 2115.0, "temp_mean": 16.6, "temp_min": 7.3, "temp_max": 25.6, "wind_max_mean": 14.1, "precip_annual": 505.0}, "indicators": {"health_facilities": 111.0, "foreign_pop": 98284.0, "schools": 147.0}}, {"name": "Recoleta", "rings": [[[1390.3942737961186, -962.4164760900734], [1374.3231389733503, -924.0286543269029], [1346.5542182766944, -878.09963919762], [1323.0031986944437, -855.2925921397773], [1291.6741975738878, -828.7414701415686], [1288.4909867836564, -821.1374266092281], [1300.5948073157185, -798.891047815256], [1296.7590466085753, -762.9259742137656], [1279.3758325359172, -691.198412080406], [1281.5621786647887, -677.1603045085153], [1297.4425939543257, -564.1216152090504], [1306.4797574425534, -503.40208324153144], [1321.1299648958213, -403.4682120944333], [1334.8766180754353, -313.54713964442755], [1345.9312104114329, -241.2353899978489], [1356.567477395025, -169.08538879121548], [1360.2970591480291, -143.78578395251432], [1360.987314596499, -119.21186015547632], [874.1993293761234, -243.68569201015683], [418.90079131883834, -377.13376190029095], [-149.33392889109527, -537.8239354065423], [-154.95706668964337, -584.9314611602388], [-160.07619066083927, -647.0243300834909], [-153.7143965132885, -732.943304578307], [-143.63204092724138, -863.8123416005965], [-138.78940270615, -925.7718012300296], [-128.6820260105232, -1086.63019419669], [-109.74738260742225, -1334.392781863702], [-105.4709902221998, -1394.8701082972318], [1401.6206984875687, -1394.7691218010439], [1401.5659818559675, -1017.174765055631], [1390.3942737961186, -962.4164760900734]]], "clat": -33.42925796168571, "clon": -70.64295511073368, "env": {"solar_pvout": 1613.0, "solar_ghi": 2107.0, "temp_mean": 16.6, "temp_min": 7.3, "temp_max": 25.6, "wind_max_mean": 14.1, "precip_annual": 505.0}, "indicators": {"health_facilities": 18.0, "foreign_pop": 17122.0, "schools": 70.0}}], "env_meta": {"precip_annual": {"label": "Precipitation (annual)", "unit": "mm/yr"}, "solar_ghi": {"label": "Solar irradiation (GHI)", "unit": "kWh/m2/yr"}, "solar_pvout": {"label": "Solar PV yield", "unit": "kWh/kWp/yr"}, "temp_max": {"label": "Air temperature (warmest day)", "unit": "degC"}, "temp_mean": {"label": "Air temperature (mean)", "unit": "degC"}, "temp_min": {"label": "Air temperature (coldest day)", "unit": "degC"}, "wind_max_mean": {"label": "Wind (mean daily max)", "unit": "km/h"}}, "indicator_meta": {"foreign_pop": {"label": "Foreign-born residents", "unit": "people"}, "health_facilities": {"label": "Health facilities", "unit": "count"}, "schools": {"label": "Schools", "unit": "count"}}}