{"level": "ADM3", "source": "geoBoundaries gbOpen CHL", "license": "CC-BY-4.0", "units": [{"name": "Cerro Navia", "rings": [[[244.33701915076455, -1543.2279546512448], [232.16813119461563, -1478.4117229953192], [227.05387515873772, -1450.9598545953809], [224.36120392116578, -1436.5065044085968], [221.95071567965462, -1423.5677638165967], [201.12970607994865, -1306.8890103680917], [181.50230916552982, -1197.3555804141754], [172.8953517030423, -1149.3229707760515], [172.56762696541156, -1147.7923875526267], [180.21881020420187, -1150.2011511591472], [171.37844746125288, -1141.350957788383], [163.05505431312247, -1106.2275193307544], [158.09775959303732, -1088.5570603093854], [142.42647792605484, -1042.8085452609284], [129.49276007853865, -1005.0119320390908], [114.99836560171552, -962.1832278810601], [104.28131894229946, -932.4148249215023], [92.46142585505993, -894.5998434685265], [77.67583594847444, -896.854931412147], [38.428362011455555, -910.7196472272078], [-24.688813187084005, -935.4135367836988], [-43.62283173138137, -968.1422430623999], [-69.93589547054596, -1023.8210497618387], [-75.15339192856382, -1032.9304573099114], [-108.73205750599206, -1044.2702520979512], [-158.89863138137125, -1057.3680747409423], [-198.87834296264455, -1065.6348461894238], [-240.16182165448197, -1073.3577279909352], [-290.27308721226086, -1082.3740748477298], [-349.1038519691346, -1095.2714473030478], [-448.11631023484665, -1148.2308511823733], [-493.36708432971415, -1171.6778267548764], [-515.1471303299558, -1179.0363838664323], [-563.4524380327489, -1180.8367896097798], [-608.10542256046, -1189.2977975578726], [-633.283354610283, -1191.999223399154], [-694.2455438616045, -1189.011276593111], [-749.3914862061015, -1186.9266672921797], [-810.2142978028958, -1184.927891787263], [-863.181517830087, -1181.8074499067939], [-915.1327828666955, -1179.6698292816757], [-976.0946295335622, -1177.6816427536514], [-1053.9865242263556, -1170.1564977973765], [-1329.2859003273354, -1175.7858546186267], [-1618.4397429400458, -1176.6991666393064], [-1624.778533456108, -1176.7190658090567], [-1627.4979329881448, -1176.6403043474318], [-1621.5392596916708, -1471.4438968855047], [-1620.0907511421633, -1634.854327587265], [260.4812704949146, -1634.986553978283], [244.33701915076455, -1543.2279546512448]]], "clat": -33.434585591312405, "clon": -70.73029753036097, "env": {"solar_pvout": 1608.0, "solar_ghi": 2116.0, "temp_mean": 16.4, "temp_min": 7.0, "temp_max": 26.0, "wind_max_mean": 15.3, "precip_annual": 712.0}, "indicators": {"health_facilities": 14.0, "foreign_pop": 5919.0, "schools": 49.0}}, {"name": "Estaci\u00f3n Central", "rings": [[[1640.570110419469, 942.6003736044476], [1615.4642765762744, 743.015617181963], [1600.0222468362197, 624.7351275107462], [1595.899599318853, 595.6604983412515], [1585.0357294451294, 563.4749986602054], [1582.3446570368887, 544.4205614334611], [1571.116523771653, 512.115678324795], [1541.9599158039025, 421.72781887821407], [1540.137676352774, 399.688880518175], [1532.9153884117009, 345.5551118611072], [1522.9932556447943, 274.3744543754759], [1519.2090955043434, 231.30210592326037], [1516.4383278458818, 200.25050336679845], [1516.2554474730293, 199.02821922247145], [1594.7339942854667, 195.02737066814552], [1598.7336560658014, 189.61139905637347], [1642.6325362426676, 183.09240286626408], [1642.4971807810464, 979.4593762456288], [1640.570110419469, 942.6003736044476]], [[-738.6079399890064, 1630.6861218618665], [-738.0549923564325, 1563.7684570083964], [-737.54149963201, 1370.8131927101986], [-735.6398585045384, 984.0160140792879], [-733.4664363736307, 983.7169394220648], [-734.7493859215989, 921.7782324523139], [-737.3775145233296, 921.186159414097], [-733.8062906772757, 877.7678257436366], [-491.28293067447294, 933.1231212428397], [-137.79287762418213, 1014.6914898008965], [390.7596454715199, 1136.6559191799272], [786.4654174920603, 1227.6482313970598], [924.4115390334474, 1260.6709282118215], [970.8644096754177, 1269.4468991088277], [1069.2296046336357, 1268.0796364849787], [1207.11445274197, 1252.3569292847635], [1342.2819974459178, 1216.18629438997], [1598.5117173292253, 1140.6448686223973], [1642.4715491858374, 1130.2521129968052], [1642.385725491604, 1635.133536235047], [-738.6433001254388, 1635.022188073816], [-738.6079399890064, 1630.6861218618665]]], "clat": -33.45896408862304, "clon": -70.71951568421554, "env": {"solar_pvout": 1608.0, "solar_ghi": 2116.0, "temp_mean": 16.6, "temp_min": 7.4, "temp_max": 26.5, "wind_max_mean": 15.7, "precip_annual": 772.0}, "indicators": {"health_facilities": 18.0, "schools": 60.0}}, {"name": "Lo Prado",