{"level": "ADM2", "source": "geoBoundaries gbOpen MEX", "license": "CC-BY-4.0", "units": [{"name": "Venustiano Carranza", "rings": [[[673.9649198261362, 1250.9249601241343], [711.9643412166267, 1163.8441674174815], [726.8277072337906, 1133.387080164669], [734.5153060064079, 1121.0540348864017], [746.2616368812843, 1051.4658523465425], [759.6769259034664, 956.141869733475], [774.1804574816508, 847.3605238976835], [775.137550501198, 841.4518264944923], [778.1222207755432, 824.3908622341268], [783.5774379506967, 791.5391250946641], [788.8057693017705, 726.4389950253882], [790.4167761452777, 715.2555119045302], [795.0081602985093, 688.9161818769797], [811.7023349927027, 594.1198440893195], [820.9804881470814, 518.1579969069171], [827.7491385500847, 476.09805703973757], [836.3083589162433, 424.55034274395433], [846.0336034877477, 356.0376838712182], [849.2551756791378, 333.6589805729394], [863.0569808371237, 240.4357069767709], [868.1972162989792, 192.65743883629665], [879.0013588160675, 112.26496759128891], [890.6415031277172, 21.402530100296225], [910.0021802926127, -102.34328157575547], [925.8883378197276, -189.58505822186459], [937.9027214397203, -286.3996231069118], [951.4788949554398, -378.4745379502016], [969.8103245600024, -497.62745533581796], [986.9847487573439, -624.2356127736609], [1003.4049252227483, -725.7036364653118], [1012.6936589724842, -796.0327427532384], [1021.9895294384496, -869.360646592171], [1033.0786536460635, -949.90082829956], [1041.8223346447257, -1051.070159462534], [1038.0621372509413, -1069.3322417231925], [967.6823631403199, -1170.5688545638627], [960.4023315121246, -1186.344354861761], [924.6535105658469, -1263.2276496214345], [910.417185493958, -1292.7517826517578], [1300.3830020172632, -1292.775624411337], [1300.5689181545301, 1292.680447732839], [656.212831179026, 1292.7152976095017], [673.9649198261362, 1250.9249601241343]]], "clat": 19.431424378898978, "clon": -99.12270746952377, "env": {"solar_pvout": 1617.0, "solar_ghi": 2104.0, "temp_mean": 17.3, "temp_min": 9.6, "temp_max": 24.4, "wind_max_mean": 19.6, "precip_annual": 834.0}}, {"name": "Cuauht\u00e9moc", "rings": [[[924.6535105658469, -1263.2276496214345], [960.4023315121246, -1186.344354861761], [967.6823631403199, -1170.5688545638627], [1038.0621372509413, -1069.3322417231925], [1041.8223346447257, -1051.070159462534], [1033.0786536460635, -949.90082829956], [1021.9895294384496, -869.360646592171], [1012.6936589724842, -796.0327427532384], [1003.4049252227483, -725.7036364653118], [986.9847487573439, -624.2356127736609], [969.8103245600024, -497.62745533581796], [951.4788949554398, -378.4745379502016], [937.9027214397203, -286.3996231069118], [925.8883378197276, -189.58505822186459], [910.0021802926127, -102.34328157575547], [890.6415031277172, 21.402530100296225], [879.0013588160675, 112.26496759128891], [868.1972162989792, 192.65743883629665], [863.0569808371237, 240.4357069767709], [849.2551756791378, 333.6589805729394], [846.0336034877477, 356.0376838712182], [836.3083589162433, 424.55034274395433], [827.7491385500847, 476.09805703973757], [820.9804881470814, 518.1579969069171], [811.7023349927027, 594.1198440893195], [795.0081602985093, 688.9161818769797], [790.4167761452777, 715.2555119045302], [788.8057693017705, 726.4389950253882], [783.5774379506967, 791.5391250946641], [778.1222207755432, 824.3908622341268], [775.137550501198, 841.4518264944923], [774.1804574816508, 847.3605238976835], [759.6769259034664, 956.141869733475], [746.2616368812843, 1051.4658523465425], [734.5153060064079, 1121.0540348864017], [726.8277072337906, 1133.387080164669], [711.9643412166267, 1163.8441674174815], [673.9649198261362, 1250.9249601241343], [656.212831179026, 1292.7152976095017], [-1300.5689181545301, 1292.680447732839], [-1300.3830020172632, -1292.775624411337], [910.417185493958, -1292.7517826517578], [924.6535105658469, -1263.2276496214345]]], "clat": 19.43329865411622, "clon": -99.13495091738177, "env": {"solar_pvout": 1617.0, "solar_ghi": 2104.0, "temp_mean": 17.3, "temp_min": 9.6, "temp_max": 24.4, "wind_max_mean": 19.6, "precip_annual": 834.0}}], "env_meta": {"precip_annual": {"label": "Precipitation (annual)", "unit": "mm/yr"}, "solar_ghi": {"label": "Solar irradiation (GHI)", "unit": "kWh/m2/yr"}, "solar_pvout": {"label": "Solar PV yield", "unit": "kWh/kWp/yr"}, "temp_max": {"label": "Air temperature (warmest day)", "unit": "degC"}, "temp_mean": {"label": "Air temperature (mean)", "unit": "degC"}, "temp_min": {"label": "Air temperature (coldest day)", "unit": "degC"}, "wind_max_mean": {"label": "Wind (mean daily max)", "unit": "km/h"}}, "indicator_meta": {}}