{"level": "ADM2", "source": "geoBoundaries gbOpen TUR", "license": "CC-BY-4.0", "units": [{"name": "Beyo\u011flu", "rings": [[[1159.1347256421204, -1256.6700971808914], [1082.26874768214, -1204.8293071617613], [1074.0601858476336, -1202.6403316081692], [1070.679187350825, -1201.8180358091295], [1049.6194328659099, -1196.595441838869], [1033.1769826073833, -1192.5840486986708], [984.3878504045207, -1180.2725266651605], [942.898558517343, -1172.282276012963], [902.5159876144371, -1192.0559775258089], [881.5385559253918, -1200.4713474752427], [861.1165334963748, -1206.7323885270498], [858.6857433673363, -1207.4761678999628], [853.8673534270401, -1199.2020583760138], [835.8934159172214, -1200.7214346971577], [834.026075526794, -1202.0871906394293], [827.868904733193, -1206.584194314915], [826.3212015394645, -1207.7167741733701], [810.8961123091023, -1205.893763575127], [798.9698677491682, -1204.2155358688478], [793.7470045048126, -1202.304834966698], [789.0539951701047, -1200.5829870638736], [785.0592418197535, -1197.3064561628307], [775.9091398810032, -1189.8093164164804], [741.6943651507669, -1187.9844899059417], [736.7062558663912, -1193.2590683861588], [691.6567749634935, -1209.0577182080917], [657.0037756540282, -1217.683457634122], [597.8092015313567, -1216.3568534591082], [587.1103011316617, -1222.0641829860208], [573.8461593475649, -1227.649167468393], [553.7767798589763, -1246.4380202354994], [496.5830674601591, -1261.3263166405075], [466.4684503360731, -1296.9111814986704], [1205.8652452792508, -1296.9953775804122], [1159.1347256421204, -1256.6700971808914]]], "clat": 41.02226169193308, "clon": 28.97409596721036, "env": {"solar_pvout": 1205.0, "solar_ghi": 1544.0, "temp_mean": 15.8, "temp_min": 1.4, "temp_max": 30.6, "wind_max_mean": 23.3, "precip_annual": 889.0}}, {"name": "Fatih", "rings": [[[1269.2198205499317, 1017.9004600128966], [1201.2583785640556, 1024.4973860821785], [1148.5406056123304, 1023.9949689805434], [1144.8221553847789, 1025.4392506551565], [1143.3269774666944, 1040.7871383681288], [1143.5731380639381, 1054.7576857135412], [1155.2432946892836, 1060.2974513618326], [1171.2629250178652, 1064.3261727265506], [1175.2438375104998, 1073.0987979486738], [1199.4247638406252, 1078.9918538179138], [1235.872747042765, 1086.8817474694033], [1206.0415495197087, 1102.6785744149004], [1074.0093086323645, 1095.6471383536166], [941.6828501864977, 1088.5911563129814], [942.6440926940143, 1105.1047525613967], [940.0285302170164, 1112.9232842849553], [773.2995658165386, 1105.979644826572], [764.0370824575117, 1112.2773716922518], [574.0081907492605, 1061.2431844210362], [433.8642715012929, 1010.4678306884953], [405.0903027443246, 1000.2747214511718], [384.1075190837459, 998.3546152248517], [356.5876864718623, 997.3343062454014], [267.8525572070115, 984.7889813318329], [79.33668007128418, 962.3050108665043], [47.95537676242797, 964.359780870657], [23.414018866804476, 969.5350142515152], [11.862677587494305, 984.0275825239878], [-2.5492134398566773, 983.2946355936175], [-32.79475718998597, 966.6142594276182], [-40.79573535488481, 966.5586923762239], [-93.65603285155488, 966.1917306138887], [-93.90889452606413, 1002.561895739101], [-99.70563946588263, 1002.8172434297669], [-100.63061066699, 967.1689131663519], [-148.63649253988046, 967.5345767714407], [-148.4774521054423, 1007.6583716281788], [-154.98932632232342, 1007.6804479213733], [-155.15674442096034, 967.5566527447018], [-207.2093814078676, 967.4665258104878], [-207.2692715669368, 1002.8261015101864], [-213.22586501912983, 1002.8148256446352], [-213.16594619147364, 967.4552499914066], [-214.04092185537652, 967.4552245501304], [-263.7975621719691, 990.0864014138638], [-223.23946603794928, 1062.450494408481], [-200.54929971185584, 1084.4953547007613], [-183.12545765438534, 1093.7132859561232], [-164.0608898407951, 1099.6884378521213], [-147.21734364988578, 1101.610027660181], [-147.86509554940272, 1097.7120217388308], [1.6490230675656317, 1103.2106790891876], [2.002386730308608, 1108.9965886509708], [110.11448833285255, 1111.994219727493], [110.72018418377492, 1107.4521049950076], [122.77657399086098, 1107.7517590052687], [125.31752387191386, 1114.0040522003596], [121.69147224211906, 1121.3558830580207], [104.11590432828284, 1123.654969415072], [-151.6346795599804, 1116.6688503796915], [-180.39152508229003, 1110.5491291874182], [-202.58579621339533, 1101.2866530921212], [-231.56913383651337, 1077.198199052969], [-329.40696519508754, 1053.706556332487], [-372.2551965463217, 1037.135262454367], [-374.2158082644745, 1043.2431295256258], [-377.26137786834465, 1042.2656990947903], [-429.0359339084059, 1025.5936613687356], [-459.55883492950426, 1017.1183995520901], [-477.60077899537214, 1076.5311059411777], [-484.097466173678, 1100.4961191074137], [-486.1757466428329, 1103.150170771862], [-488.18656877583936, 1103.5054099968334], [-491.58543817810414, 1101.4506856657754], [-492.4180644254307, 1096.997367330292], [-486.78822903222857, 1077.5744098901575], [-468.1906863921508, 1014.3192951212372], [-488.9459148390789, 1009.2649885767182], [-562.5356452821427, 993.7232750439077], [-577.0138952344633, 981.4173745748169], [-586.116408093157, 973.6872990073748], [-654.5155916067513, 1063.4686370743345], [-664.5519207130446, 1054.8166343832115], [-638.3584162948814, 1022.4134173284034], [-684.5606365544619, 984.0845404043954], [-698.4693421883759, 1001.0078529213636], [-711.0907276775262, 1016.3654027706057], [-718.821959381369, 1010.4787912864286], [-692.8387559226106, 978.6199099966294], [-716.9910641359916, 957.0509148466069], [-831.522269909261, 975.6070649910325], [-826.7043730943817, 1001.2721764622878], [-819.2714605790594, 1040.8637400920247], [-825.3629202495773, 1042.8398183877032], [-835.9481948143334, 980.5484635273309], [-862.8374435572696, 985.0208287794088], [-936.440947906085, 1085.6488971404892], [-867.7875036987524, 1296.8424787358], [-1302.1016568658292, 1296.7783412859615], [-1301.6419152734559, -1297.0117304246028], [-55.08887323626055, -1296.896571971676], [-45.6109482542009, -1284.131334754195], [-41.54036973226603, -1253.1138330638555], [-46.87293052073214, -1223.8288367419657], [-47.554374806168774, -1196.6316354205433], [-41.40621304504308, -1179.651391531122], [-26.85567328137251, -1155.1416346566073], [15.54324098943174, -1113.0853318043592], [52.30715325402627, -1097.6267412912375], [86.45547177215137, -1079.180943043621], [123.1689250878862, -1082.357620281927], [165.87176378210003, -1046.876609966035], [160.8519549148428, -977.9117800040722], [170.31479816744752, -957.7001127722078], [192.78949568031652, -940.7537843943703], [235.7357332349872, -957.67971058596], [276.46145065198726, -969.7527319934189], [287.74975347753616, -951.1515724282394], [301.6450472173331, -944.5332946245157], [319.03926388294127, -940.1473854617229], [399.768657417525, -936.386596217462], [400.17188778453755, -945.5597020821876], [409.7520479141936, -945.7490226647388], [417.7425015022482, -946.2936388566357], [418.1972502004701, -936.5875202604627], [419.7111872207411, -937.4871463317393], [432.78149231112263, -945.2950211846271], [447.50890386262745, -950.4488227460396], [473.4816240298409, -958.8794718054974], [515.8871444949671, -879.7117315004267], [520.4629854148035, -876.9468029564827], [522.4141350175922, -880.1675154387716], [541.491338385388, -869.2855785564959], [558.810579514184, -859.6029435530377], [556.6660700861203, -855.2494532890393], [605.3188182025291, -822.3257122310661], [611.7621430122373, -817.9729190138851], [619.1223482882197, -812.9871994240712], [639.7800461427082, -815.065684753522], [644.4568751276586, -812.6784270321168], [645.6597288271231, -812.0677342425145], [662.9791660570655, -803.2293581420239], [680.3238796352599, -794.3799199208858], [684.4623914995128, -792.2702735486968], [765.9568815966827, -809.0030928839229], [764.1898422828694, -815.6217428542828], [773.5344938031607, -817.288535152], [783.7286550174239, -819.0998004994171], [784.6883698705685, 