{"level": "ADM3", "source": "geoBoundaries gbOpen CHN", "license": "CC-BY-4.0", "units": [{"name": "Dongcheng District", "rings": [[[55.23892120798574, 1197.1327493940476], [53.86166836745113, 1155.3622864360477], [45.94231969245777, 1146.22428862194], [35.628306417648375, 1127.9927791344744], [-27.939832341463767, 1099.1576368770786], [-54.22899682664651, 1088.8759156804367], [-81.85201771207991, 1062.6941171027206], [-97.15995896796476, 1038.4887970059547], [-99.8187930717772, 976.5103976055751], [-113.79275519248267, 974.1895919176383], [-114.79284003464605, 940.0470479560034], [-145.70050142041123, 94.16559401050017], [-217.554674231982, 96.34010926669467], [-389.84930481221596, 105.5600923895601], [-395.866844863009, 58.548486612457395], [-375.84752999503115, 29.09248310714466], [-399.3168309432224, -191.64204720059786], [-465.9694327634414, -192.3342191541417], [-472.1272424255236, -308.6748819855904], [-460.7636242178917, -307.5860750816965], [-461.8571939948536, -322.5534086285798], [-454.03351044840053, -321.99774928194194], [-453.05744189646583, -343.01623247141583], [-445.72961324891946, -343.6931132673226], [-448.28425399986537, -378.0801057345699], [-441.58056365498146, -379.8451401058862], [-443.15031798800743, -440.9022771810378], [-373.74643135279445, -445.92832895501385], [-377.49692876661555, -509.8835394755475], [-407.1575038802821, -1296.658880064194], [1301.5676521414816, -1296.7589685699634], [1302.0097194475024, 1296.5344391746955], [58.33850078410445, 1296.645181315055], [55.23892120798574, 1197.1327493940476]]], "clat": 39.90811189590998, "clon": 116.39698993653973, "env": {"solar_pvout": 1226.0, "solar_ghi": 1586.0, "temp_mean": 13.4, "temp_min": -11.4, "temp_max": 33.5, "wind_max_mean": 18.5, "precip_annual": 641.0}}, {"name": "Xicheng District", "rings": [[[-377.49692876661555, -509.8835394755475], [-373.74643135279445, -445.92832895501385], [-443.15031798800743, -440.9022771810378], [-441.58056365498146, -379.8451401058862], [-448.28425399986537, -378.0801057345699], [-445.72961324891946, -343.6931132673226], [-453.05744189646583, -343.01623247141583], [-454.03351044840053, -321.99774928194194], [-461.8571939948536, -322.5534086285798], [-460.7636242178917, -307.5860750816965], [-472.1272424255236, -308.6748819855904], [-465.9694327634414, -192.3342191541417], [-399.3168309432224, -191.64204720059786], [-375.84752999503115, 29.09248310714466], [-395.866844863009, 58.548486612457395], [-389.84930481221596, 105.5600923895601], [-217.554674231982, 96.34010926669467], [-145.70050142041123, 94.16559401050017], [-114.79284003464605, 940.0470479560034], [-113.79275519248267, 974.1895919176383], [-99.8187930717772, 976.5103976055751], [-97.15995896796476, 1038.4887970059547], [-81.85201771207991, 1062.6941171027206], [-54.22899682664651, 1088.8759156804367], [-27.939832341463767, 1099.1576368770786], [35.628306417648375, 1127.9927791344744], [45.94231969245777, 1146.22428862194], [53.86166836745113, 1155.3622864360477], [55.23892120798574, 1197.1327493940476], [58.33850078410445, 1296.645181315055], [-1302.0097194475024, 1296.5344391746955], [-1301.5676521414816, -1296.7589685699634], [-407.1575038802821, -1296.658880064194], [-377.49692876661555, -509.8835394755475]]], "clat": 39.906581383585696, "clon": 116.3820075325945, "env": {"solar_pvout": 1226.0, "solar_ghi": 1586.0, "temp_mean": 13.4, "temp_min": -11.4, "temp_max": 33.5, "wind_max_mean": 18.5, "precip_annual": 641.0}}], "env_meta": {"precip_annual": {"label": "Precipitation (annual)", "unit": "mm/yr"}, "solar_ghi": {"label": "Solar irradiation (GHI)", "unit": "kWh/m2/yr"}, "solar_pvout": {"label": "Solar PV yield", "unit": "kWh/kWp/yr"}, "temp_max": {"label": "Air temperature (warmest day)", "unit": "degC"}, "temp_mean": {"label": "Air temperature (mean)", "unit": "degC"}, "temp_min": {"label": "Air temperature (coldest day)", "unit": "degC"}, "wind_max_mean": {"label": "Wind (mean daily max)", "unit": "km/h"}}, "indicator_meta": {}}