{"level": "ADM2", "source": "geoBoundaries gbOpen JPN", "license": "CC-BY-4.0", "units": [{"name": "Nakano", "rings": [[[-1047.9703496210973, -1049.0480576037776], [-1301.4064002023326, -486.26002006795323], [-1301.287861390618, -1295.8137725649337], [-1130.3092850268654, -1295.7903826073912], [-1047.9703496210973, -1049.0480576037776]]], "clat": 35.69891959558175, "clon": 139.68666200088416, "env": {"solar_pvout": 1086.0, "solar_ghi": 1390.0, "temp_mean": 16.7, "temp_min": -1.8, "temp_max": 32.2, "wind_max_mean": 26.9, "precip_annual": 1369.0}}, {"name": "Shinjuku", "rings": [[[1020.2911123614043, 739.0562178166072], [634.1650094889832, 594.5312801824456], [616.0126967487034, 423.56480112923896], [459.0591934612682, 216.2249295244839], [255.49509856619326, 236.2157867702066], [-24.683883120725717, 136.0730353991172], [-488.1419763438388, 372.5120798713803], [-1136.9073620835052, 918.3867063959896], [-1282.777102369512, 719.1727028247748], [-1301.5763964935077, 674.8865256954348], [-1301.4064002023326, -486.26002006795323], [-1047.9703496210973, -1049.0480576037776], [-1130.3092850268654, -1295.7903826073912], [1301.2878613926978, -1295.8137725648485], [1301.6262878270459, 1015.7027823944782], [1020.2911123614043, 739.0562178166072]], [[1301.6327255877131, 1059.6814714188638], [1301.6672625300419, 1295.6207098100956], [1223.6178366752051, 1295.6317930689106], [1301.6327255877131, 1059.6814714188638]]], "clat": 35.693185900718014, "clon": 139.70039837657325, "env": {"solar_pvout": 1085.0, "solar_ghi": 1390.0, "temp_mean": 16.7, "temp_min": -1.8, "temp_max": 32.2, "wind_max_mean": 26.9, "precip_annual": 1369.0}}, {"name": "Shibuya", "rings": [[[1223.6178366752051, 1295.6317930689106], [-1301.667262528627, 1295.620709810517], [-1301.5763964935077, 674.8865256954348], [-1282.777102369512, 719.1727028247748], [-1136.9073620835052, 918.3867063959896], [-488.1419763438388, 372.5120798713803], [-24.683883120725717, 136.0730353991172], [255.49509856619326, 236.2157867702066], [459.0591934612682, 216.2249295244839], [616.0126967487034, 423.56480112923896], [634.1650094889832, 594.5312801824456], [1020.2911123614043, 739.0562178166072], [1301.6262878270459, 1015.7027823944782], [1301.6327255877131, 1059.6814714188638], [1223.6178366752051, 1295.6317930689106]]], "clat": 35.682263570751815, "clon": 139.699911985461, "env": {"solar_pvout": 1086.0, "solar_ghi": 1391.0, "temp_mean": 16.7, "temp_min": -1.8, "temp_max": 32.2, "wind_max_mean": 26.9, "precip_annual": 1369.0}}], "env_meta": {"precip_annual": {"label": "Precipitation (annual)", "unit": "mm/yr"}, "solar_ghi": {"label": "Solar irradiation (GHI)", "unit": "kWh/m2/yr"}, "solar_pvout": {"label": "Solar PV yield", "unit": "kWh/kWp/yr"}, "temp_max": {"label": "Air temperature (warmest day)", "unit": "degC"}, "temp_mean": {"label": "Air temperature (mean)", "unit": "degC"}, "temp_min": {"label": "Air temperature (coldest day)", "unit": "degC"}, "wind_max_mean": {"label": "Wind (mean daily max)", "unit": "km/h"}}, "indicator_meta": {}}