{"level": "ADM2", "source": "geoBoundaries gbOpen NLD", "license": "CC-BY-4.0", "units": [{"name": "Delft", "rings": [[[-1065.602846548115, -898.678268080622], [-935.4672995734352, -992.3728808096931], [-932.4951876328264, -994.5134497759645], [-912.5259441146509, -1008.8908919739578], [-907.4757232635517, -1012.5270911943117], [-792.1492586166476, -1095.5590394631977], [-786.4178888304718, -1099.5448485148565], [1102.0463358163963, -1099.6045716811038], [1102.5319444122358, 1099.359292401893], [-1102.5319444122358, 1099.359292401893], [-1102.5080851378848, 991.3089776303417], [-1099.963293162872, 989.9773385124287], [-1098.511910341739, 989.8456949178585], [-1097.7730448769605, 989.8312814030955], [-1097.012269713669, 989.8044106389966], [-1095.9803610055887, 988.7976672314521], [-1100.1878313879433, 981.7591895085498], [-1098.967249886747, 980.941754133712], [-1102.5043282239972, 974.295312294751], [-1102.0964725466092, -872.5905077479958], [-1065.602846548115, -898.678268080622]]], "clat": 52.0115315737065, "clon": 4.357208336041202, "env": {"solar_pvout": 883.0, "solar_ghi": 1114.0, "temp_mean": 11.8, "temp_min": -1.9, "temp_max": 24.2, "wind_max_mean": 23.2, "precip_annual": 1233.0}}, {"name": "Rijswijk", "rings": [[[-792.1492586166476, -1095.5590394631977], [-907.4757232635517, -1012.5270911943117], [-912.5259441146509, -1008.8908919739578], [-932.4951876328264, -994.5134497759645], [-935.4672995734352, -992.3728808096931], [-1065.602846548115, -898.678268080622], [-1102.0964725466092, -872.5905077479958], [-1102.0463358163963, -1099.6045716811038], [-786.4178888304718, -1099.5448485148565], [-792.1492586166476, -1095.5590394631977]]], "clat": 52.0208009174805, "clon": 4.342577596855697, "env": {"solar_pvout": 886.0, "solar_ghi": 1117.0, "temp_mean": 11.8, "temp_min": -1.6, "temp_max": 24.2, "wind_max_mean": 25.3, "precip_annual": 1216.0}}, {"name": "Midden-Delfland", "rings": [[[-1098.967249886747, 980.941754133712], [-1100.1878313879433, 981.7591895085498], [-1095.9803610055887, 988.7976672314521], [-1097.012269713669, 989.8044106389966], [-1097.7730448769605, 989.8312814030955], [-1098.511910341739, 989.8456949178585], [-1099.963293162872, 989.9773385124287], [-1102.5080851378848, 991.3089776303417], [-1102.5043282239972, 974.295312294751], [-1098.967249886747, 980.941754133712]]], "clat": 52.0027494393648, "clon": 4.341076232635506, "env": {"solar_pvout": 886.0, "solar_ghi": 1118.0, "temp_mean": 11.8, "temp_min": -1.9, "temp_max": 24.2, "wind_max_mean": 23.2, "precip_annual": 1233.0}}], "env_meta": {"precip_annual": {"label": "Precipitation (annual)", "unit": "mm/yr"}, "solar_ghi": {"label": "Solar irradiation (GHI)", "unit": "kWh/m2/yr"}, "solar_pvout": {"label": "Solar PV yield", "unit": "kWh/kWp/yr"}, "temp_max": {"label": "Air temperature (warmest day)", "unit": "degC"}, "temp_mean": {"label": "Air temperature (mean)", "unit": "degC"}, "temp_min": {"label": "Air temperature (coldest day)", "unit": "degC"}, "wind_max_mean": {"label": "Wind (mean daily max)", "unit": "km/h"}}, "indicator_meta": {}}