{"level": "ADM3", "source": "geoBoundaries gbOpen IND", "license": "CC-BY-4.0", "units": [{"name": "Kotwali", "rings": [[[737.2609865373585, -299.9173927212926], [636.5520454033871, -398.0179796637966], [512.6679488659237, -574.8851427256186], [532.8240880915814, -696.543908254277], [553.7855382277205, -942.3101028109096], [513.3947752058194, -1168.2459568675336], [128.41378724423433, -1253.286299465761], [-38.757860297094176, -1294.2755459202897], [1300.850269967619, -1294.347864691248], [1300.9948719795873, 5.028993239804482], [737.2609865373585, -299.9173927212926]]], "clat": 28.638430618141367, "clon": 77.22610808039921, "env": {"solar_pvout": 1419.0, "solar_ghi": 1905.0, "temp_mean": 24.0, "temp_min": 8.0, "temp_max": 36.5, "wind_max_mean": 15.9, "precip_annual": 809.0}}, {"name": "Chanakya Puri", "rings": [[[-290.29292190010966, -542.0276155859613], [144.52811708895598, -1130.6088913224228], [246.27984543857102, -1161.9199817460799], [458.202684976599, -652.6522100451588], [512.6679488659237, -574.8851427256186], [636.5520454033871, -398.0179796637966], [737.2609865373585, -299.9173927212926], [1300.9948719795873, 5.028993239804482], [1301.1383026184637, 1294.2008689954914], [-1301.1383026212263, 1294.2008689962186], [-1300.859296911728, -1213.2423054703665], [-290.29292190010966, -542.0276155859613]]], "clat": 28.62901235846903, "clon": 77.21562508768085, "env": {"solar_pvout": 1419.0, "solar_ghi": 1905.0, "temp_mean": 24.1, "temp_min": 8.1, "temp_max": 36.4, "wind_max_mean": 15.9, "precip_annual": 835.0}}, {"name": "Karol Bagh", "rings": [[[128.41378724423433, -1253.286299465761], [513.3947752058194, -1168.2459568675336], [553.7855382277205, -942.3101028109096], [532.8240880915814, -696.543908254277], [512.6679488659237, -574.8851427256186], [458.202684976599, -652.6522100451588], [246.27984543857102, -1161.9199817460799], [144.52811708895598, -1130.6088913224228], [-290.29292190010966, -542.0276155859613], [-1300.859296911728, -1213.2423054703665], [-1300.8502699688902, -1294.347864691472], [-38.757860297094176, -1294.2755459202897], [128.41378724423433, -1253.286299465761]]], "clat": 28.64078140450489, "clon": 77.21314687686213, "env": {"solar_pvout": 1419.0, "solar_ghi": 1905.0, "temp_mean": 24.1, "temp_min": 8.1, "temp_max": 36.4, "wind_max_mean": 15.9, "precip_annual": 835.0}}], "env_meta": {"precip_annual": {"label": "Precipitation (annual)", "unit": "mm/yr"}, "solar_ghi": {"label": "Solar irradiation (GHI)", "unit": "kWh/m2/yr"}, "solar_pvout": {"label": "Solar PV yield", "unit": "kWh/kWp/yr"}, "temp_max": {"label": "Air temperature (warmest day)", "unit": "degC"}, "temp_mean": {"label": "Air temperature (mean)", "unit": "degC"}, "temp_min": {"label": "Air temperature (coldest day)", "unit": "degC"}, "wind_max_mean": {"label": "Wind (mean daily max)", "unit": "km/h"}}, "indicator_meta": {}}