{"level": "ADM4", "source": "geoBoundaries gbOpen IND", "license": "CC-BY-4.0", "units": [{"name": "New Delhi", "rings": [[[-1236.5843512836582, -1163.8966906980606], [-1205.1015079224956, -1123.5460772480474], [-1162.6659761125738, -1087.8499242401463], [-1107.22446869674, -1052.9284330817318], [-1090.1124579055756, -1046.7195677596426], [-1051.7823507131448, -1021.1108847287878], [-993.6024125433337, -983.8621553083606], [-924.4703706407089, -940.4054902930794], [-885.4551552578992, -914.0214575342573], [-853.9689526651063, -893.8455585592965], [-813.5846143927065, -865.909778789727], [-507.61427273418445, -663.3797221820934], [-494.6077927685728, -675.0178279310695], [-285.83010175954945, -538.4505882986622], [38.64070881689913, -321.192246573848], [98.88032345436226, -384.0413558646359], [126.94652428282104, -411.1984647825395], [185.13211118603294, -446.11521991567844], [166.6492814322352, -460.8571779355709], [159.8037855312705, -471.7198982340669], [170.75593572490888, -501.2046262249083], [187.8693213048788, -507.4121411784628], [194.03025234752042, -501.98093326531756], [236.47163823939889, -499.65398255453016], [241.26266724677333, -536.8977953451873], [318.6153743560579, -534.5719153276256], [319.98396863684354, -547.7624022475585], [457.57718950166526, -505.0918541928587], [460.3155847274199, -499.6606531551503], [473.3225020511239, -483.3670478127828], [539.718579171698, -575.7032693227543], [559.5714436696983, -546.2196265662197], [745.7468830022191, -831.7651008067763], [752.591351828233, -843.4042053367826], [845.005123202915, -790.6487021858599], [906.7476445187438, -745.1300715245397], [1135.945328823644, -597.4714345238461], [1147.5817561881918, -604.4557683626757], [1168.1177220376924, -604.4578022411441], [1286.5231465367567, -773.6188782344694], [1287.8913924349363, -780.6022279291249], [1300.2120958485532, -786.8108466232387], [1300.9066682235232, -787.5983246168245], [1301.1383026184637, 1294.2008689954914], [-1301.1383026212263, 1294.2008689962186], [-1300.8562604703523, -1240.5243689450326], [-1236.5843512836582, -1163.8966906980606]]], "clat": 28.628865505171625, "clon": 77.21629815517112, "env": {"solar_pvout": 1419.0, "solar_ghi": 1905.0, "temp_mean": 24.1, "temp_min": 8.1, "temp_max": 36.4, "wind_max_mean": 15.9, "precip_annual": 835.0}}, {"name": "Central", "rings": [[[1300.2120958485532, -786.8108466232387], [1287.8913924349363, -780.6022279291249], [1286.5231465367567, -773.6188782344694], [1168.1177220376924, -604.4578022411441], [1147.5817561881918, -604.4557683626757], [1135.945328823644, -597.4714345238461], [906.7476445187438, -745.1300715245397], [845.005123202915, -790.6487021858599], [752.591351828233, -843.4042053367826], [745.7468830022191, -831.7651008067763], [559.5714436696983, -546.2196265662197], [539.718579171698, -575.7032693227543], [473.3225020511239, -483.3670478127828], [460.3155847274199, -499.6606531551503], [457.57718950166526, -505.0918541928587], [319.98396863684354, -547.7624022475585], [318.6153743560579, -534.5719153276256], [241.26266724677333, -536.8977953451873], [236.47163823939889, -499.65398255453016], [194.03025234752042, -501.98093326531756], [187.8693213048788, -507.4121411784628], [170.75593572490888, -501.2046262249083], [159.8037855312705, -471.7198982340669], [166.6492814322352, -460.8571779355709], [185.13211118603294, -446.11521991567844], [126.94652428282104, -411.1984647825395], [98.88032345436226, -384.0413558646359], [38.64070881689913, -321.192246573848], [-285.83010175954945, -538.4505882986622], [-494.6077927685728, -675.0178279310695], [-507.61427273418445, -663.3797221820934], [-813.5846143927065, -865.909778789727], [-853.9689526651063, -893.8455585592965], [-885.4551552578992, -914.0214575342573], [-924.4703706407089, -940.4054902930794], [-993.6024125433337, -983.8621553083606], [-1051.7823507131448, -1021.1108847287878], [-1090.1124579055756, -1046.7195677596426], [-1107.22446869674, -1052.9284330817318], [-1162.6659761125738, -1087.8499242401463], [-1205.1015079224956, -1123.5460772480474], [-1236.5843512836582, -1163.8966906980606], [-1300.8562604703523, -1240.5243689450326], [-1300.8502699688902, -1294.347864691472], [1300.850269967619, -1294.347864691248], [1300.9066682235232, -787.5983246168245], [1300.2120958485532, -786.8108466232387]]], "clat": 28.640107920417236, "clon": 77.21801298352531, "env": {"solar_pvout": 1419.0, "solar_ghi": 1905.0, "temp_mean": 24.1, "temp_min": 8.1, "temp_max": 36.4, "wind_max_mean": 15.9, "precip_annual": 835.0}}], "env_meta": {"precip_annual": {"label": "Precipitation (annual)", "unit": "mm/yr"}, "solar_ghi": {"label": "Solar irradiation (GHI)", "unit": "kWh/m2/yr"}, "solar_pvout": {"label": "Solar PV yield", "unit": "kWh/kWp/yr"}, "temp_max": {"label": "Air temperature (warmest day)", "unit": "degC"}, "temp_mean": {"label": "Air temperature (mean)", "unit": "degC"}, "temp_min": {"label": "Air temperature (coldest day)", "unit": "degC"}, "wind_max_mean": {"label": "Wind (mean daily max)", "unit": "km/h"}}, "indicator_meta": {}}