{"level": "ADM3", "source": "geoBoundaries gbOpen CHL", "license": "CC-BY-4.0", "units": [{"name": "San Miguel", "rings": [[[1982.0682719843999, -1106.2710218967259], [1889.8835248809598, -1138.7786771669464], [1831.2583191535698, -1155.5234140611885], [1774.5043513181515, -1181.0052219015945], [1762.0852429171382, -1186.7831029002793], [1840.3006904968609, -1383.88618830635], [2002.5376534218217, -1792.660898564084], [2061.5071330439605, -1924.3028331536184], [2061.326036530083, -1077.2362878805295], [1982.0682719843999, -1106.2710218967259]]], "clat": -33.50878495030275, "clon": -70.66909552223298, "env": {"solar_pvout": 1609.0, "solar_ghi": 2111.0, "temp_mean": 15.6, "temp_min": 6.7, "temp_max": 25.4, "wind_max_mean": 15.0, "precip_annual": 802.0}, "indicators": {"health_facilities": 33.0, "foreign_pop": 12093.0, "schools": 69.0}}, {"name": "La Cisterna", "rings": [[[602.503309576313, 2032.6867440507824], [523.7814349533229, 1999.7093779930924], [447.44575432661554, 1965.2224501407763], [425.46839569901243, 1955.0170256743063], [411.98977561344225, 1949.2782995880136], [693.6370194168702, 1337.8425607287718], [770.0607130858817, 1173.0142264137662], [1224.0580772832661, 193.83435545330116], [1309.4118070510958, -7.656164032262267], [1403.1256999599393, -228.9052693410608], [1567.62605730368, -672.9000733601335], [1700.7913881357354, -1032.3449337710056], [1753.1274800395586, -1164.2093850329522], [1762.0852429171382, -1186.7831029002793], [1774.5043513181515, -1181.0052219015945], [1831.2583191535698, -1155.5234140611885], [1889.8835248809598, -1138.7786771669464], [1982.0682719843999, -1106.2710218967259], [2061.326036530083, -1077.2362878805295], [2060.6568805303086, 2051.709738091075], [644.9320453021608, 2051.510958708304], [602.503309576313, 2032.6867440507824]]], "clat": -33.528903529171565, "clon": -70.67412218171903, "env": {"solar_pvout": 1609.0, "solar_ghi": 2111.0, "temp_mean": 15.6, "temp_min": 6.8, "temp_max": 25.5, "wind_max_mean": 15.0, "precip_annual": 802.0}, "indicators": {"health_facilities": 11.0, "foreign_pop": 6336.0, "schools": 74.0}}, {"name": "San Bernardo", "rings": [[[-1588.3091134291233, 1068.3291720358102], [-1536.5000864967483, 1091.4852610679766], [-1536.3835811433794, 1089.8777666113826], [-1493.0613680199297, 1110.8919236195964], [-1315.2949598884031, 1190.2380459270858], [-1187.8854992758993, 1245.3208958313287], [-1050.9080105886699, 1303.5667657127167], [-903.3803734728732, 1370.5801236276095], [-797.0882494602541, 1416.7317087387116], [-613.383468132073, 1498.7479344493856], [-471.1132682887831, 1564.078046056055], [-341.129974075797, 1620.1289614608008], [34.243169342267684, 1783.5702486061691], [219.94560693313935, 1865.4070929353945], [333.04424545689807, 1915.2671035650023], [411.98977561344225, 1949.2782995880136], [425.46839569901243, 1955.0170256743063], [447.44575432661554, 1965.2224501407763], [433.15623741930693, 1996.2668733118928], [408.63629609216554, 2051.498039101775], [-2060.6568805303086, 2051.709738091075], [-2060.912321431552, 857.4614913421136], [-1588.3091134291233, 1068.3291720358102]]], "clat": -33.53629258027551, "clon": -70.7028065346921, "env": {"solar_pvout": 1601.0, "solar_ghi": 2111.0, "temp_mean": 15.6, "temp_min": 6.8, "temp_max": 25.5, "wind_max_mean": 15.0, "precip_annual": 802.0}, "indicators": {"health_facilities": 44.0, "foreign_pop": 8914.0, "schools": 127.0}}, {"name": "Cerrillos", "rings": [[[-594.6214390307002, -1814.9725521159623], [-621.5958616650321, -1744.5350208710101], [-902.3068096141211, -1068.6577124001553], [-1106.9546826473888, -575.8957750034986], [-1127.994883974322, -524.6993504561201], [-1280.5009862834347, -153.44709114625263], [-1468.0237842091954, 303.02348120949097], [-1478.6046873953098, 365.0258175129224], [-1489.402842539186, 441.3720266087926], [-1536.3835811433794, 1089.8777666113826], [-1536.5000864967483, 1091.4852610679766], [-1588.3091134291233, 1068.3291720358102], [-2060.912321431552, 857.4614913421136], [-2061.534274055273, -2051.2628505104394], [-504.0014148615187, -2051.4700649318283], [-594.6214390307002, -1814.9725521159623]]], "clat": -33.51388445716079, "clon": -70.70658122634791, "env": {"solar_pvout": 1601.0, "solar_ghi": 2112.0, "temp_mean": 16.6, "temp_min": 7.4, "temp_max": 26.5, "wind_max_mean": 15.7, "precip_annual": 772.0}, "indicators": {"health_facilities": 10.0, "schools": 37.0}}, {"name": "El Bosque", "rings": [[[433.15623741930693, 1996.2668733118928], [447.44575432661554, 1965.2224501407763], [523.7814349533229, 1999.7093779930924], [602.503309576313, 2032.6867440507824], [644.9320453021608, 2051.510958708304], [408.63629609216554, 2051.498039101775], [433.15623741930693, 1996.2668733118928]]], "clat": -33.539638617293704, "clon": -70.68481473933129, "env": {"solar_pvout": 1609.0, "solar_ghi": 2111.0, "temp_mean": 15.6, "temp_min": 6.8, "temp_max": 25.5, "wind_max_mean": 15.0, "precip_annual": 802.0}, "indicators": {"health_facilities": 16.0, "schools": 96.0}}, {"name": "Lo Espejo", "rings": [[[-230.41897921167293, -2049.2620941803425], [-52.33692885167285, -1975.59921094828], [126.26302170890627, -1902.0341770092464], [251.2755812207732, -1849.6302177305508], [523.3163016871266, -1737.1707656689935], [585.1163642047202, -1718.1621862849736], [699.1343747611784, -1668.7140134413714], [841.6601808144422, -1588.952484485714], [964.3040057892379, -1528.9418852543813], [1085.1459700713644, -1466.9610971617567], [1121.1089106643117, -1453.3716267789978], [1256.9845837431646, -1445.5862626707735], [1324.884816127854, -1411.7127152095165], [1439.8422984131114, -1351.155179594394], [1710.7398355590365, -1211.2150779226024], [1762.0852429171382, -1186.7831029002793], [1753.1274800395586, -1164.2093850329522], [1700.7913881357354, -1032.3449337710056], [1567.62605730368, -672.9000733601335], [1403.1256999599393, -228.9052693410608], [1309.4118070510958, -7.656164032262267], [1224.0580772832661, 193.83435545330116], [770.0607130858817, 1173.0142264137662], [693.6370194168702, 1337.8425607287718], [411.98977561344225, 1949.2782995880136], [333.04424545689807, 1915.2671035650023], [219.94560693313935, 1865.4070929353945], [34.243169342267684, 1783.5702486061691], [-341.129974075797, 1620.1289614608008], [-471.1132682887831, 1564.078046056055], [-613.383468132073, 1498.7479344493856], [-797.0882494602541, 1416.7317087387116], [-903.3803734728732, 1370.5801236276095], [-1050.9080105886699, 1303.5667657127167], [-1187.8854992758993, 1245.3208958313287], [-1315.2949598884031, 1190.2380459270858], [-1493.0613680199297, 1110.8919236195964], [-1536.3835811433794, 1089.8777666113826], [-1489.402842539186, 441.3720266087926], [-1478.6046873953098, 365.0258175129224], [-1468.0237842091954, 303.02348120949097], [-1280.5009862834347, -153.44709114625263], [-1127.994883974322, -524.6993504561201], [-1106.9546826473888, -575.8957750034986], [-902.3068096141211, -1068.6577124001553], [-621.5958616650321, -1744.5350208710101], [-594.6214390307002, -1814.9725521159623], [-504.0014148615187, -2051.4700649318283], [-235.80779290356324, -2051.480353925364], [-230.41897921167293, -2049.2620941803425]]], "clat": -33.52042266201731, "clon": -70.68991007209276, "env": {"solar_pvout": 1609.0, "solar_ghi": 2111.0, "temp_mean": 16.6, "temp_min": 7.4, "temp_max": 26.5, "wind_max_mean": 15.7, "precip_annual": 772.0}, "indicators": {"health_facilities": 10.0, "schools": 37.0}}, {"name": "Pedro Aguirre Cerda",