{"level": "ADM3", "source": "geoBoundaries gbOpen CHL", "license": "CC-BY-4.0", "units": [{"name": "San Ram\u00f3n", "rings": [[[4465.890242744526, -3730.6162353978566], [4347.435055309637, -3748.551012615191], [4275.537188797838, -3759.892403844025], [4256.787775802988, -3762.812000528682], [4215.56960189273, -3769.7115038684196], [4175.445550106291, -3776.3640147208025], [4122.714073321509, -3786.229081649519], [4083.810463165588, -3792.8614987264455], [4052.6893638906336, -3799.375353712465], [4021.2896335242663, -3805.8854533156264], [3984.7867367035146, -3812.5032669756074], [3945.719056021786, -3820.12166591796], [3849.9717802463997, -3836.6863753117073], [3781.5284063639583, -3848.8069646062418], [3684.7899181617795, -3866.387503492951], [3645.108238067387, -3873.0325293369547], [3601.125947776678, -3880.7557592055027], [3565.0077574413067, -3887.342664391677], [3528.0868198603443, -3892.951241529438], [3479.615258880686, -3900.739447562911], [3406.5025395063994, -3913.935922529185], [3386.656610756781, -3917.4470478923795], [3350.4615516807226, -3923.8468379319816], [3268.034480723502, -3936.913400307731], [3353.17917860663, -4365.667224859973], [3375.03094700063, -4483.022102590463], [4506.696967626633, -4482.558563210295], [4506.342691762424, -3726.014533400889], [4465.890242744526, -3730.6162353978566]]], "clat": -33.55309787863943, "clon": -70.64741981316075, "env": {"solar_pvout": 1609.0, "solar_ghi": 2111.0, "temp_mean": 15.3, "temp_min": 6.4, "temp_max": 25.1, "wind_max_mean": 15.0, "precip_annual": 802.0}, "indicators": {"health_facilities": 10.0, "schools": 40.0}}, {"name": "San Bernardo", "rings": [[[-51.03739352497792, -4452.430735360484], [-75.76259066930703, -4383.816881234679], [-102.53620434438582, -4317.235772604469], [-120.31665162826019, -4269.517676593344], [-137.9004313728282, -4222.7962233799335], [-188.21840878945775, -4091.43563712813], [-190.19720447610226, -4092.619830715991], [-280.27964440034253, -3812.04097963132], [-294.5543805598575, -3812.0599631606988], [-418.88685698411405, -3830.023595339313], [-516.3345238131718, -3837.8903419839594], [-536.1727284791552, -3726.613165195436], [-569.2599168042094, -3541.4727971638213], [-593.1628420683645, -3408.0383864021514], [-628.0997257347578, -3260.562511615262], [-661.0051326483513, -3033.0477094890616], [-663.9496769783301, -2970.0849903553103], [-642.524290320656, -2959.334945299163], [-667.9403802951695, -2847.139938049961], [-699.3689107451087, -2773.5647509326177], [-697.4026536733705, -2769.5523375489656], [-753.9947252146502, -2618.7917557676496], [-815.8120754629603, -2458.109497247408], [-842.658266243956, -2387.868613828119], [-868.2214518348954, -2322.6691671009353], [-877.0973025876484, -2289.407612502876], [-903.1016340729027, -2227.812527735249], [-923.97292731638, -2172.4676809390203], [-942.9383646411278, -2121.442543190267], [-962.5784364736055, -2070.748044273859], [-982.1364867783283, -2018.0611493468446], [-1011.820392165956, -1944.7065260632824], [-913.6541410940318, -1898.9113549167462], [-825.7220514608199, -1857.4661550952364], [-725.8542871217504, -1811.8275934869966], [-689.4176990879268, -1795.1975033140652], [-653.8391540277672, -1780.6466456336047], [-605.1822173075814, -1757.0093553312518], [-589.9255721065255, -1749.5978721029005], [-527.3801740535771, -1720.5707948955414], [-443.4099396499997, -1674.3392271186985], [-206.85406301069057, -1570.3094126616609], [-107.86227362944615, -1520.686326483334], [55.8180811066018, -1442.3040766748404], [257.28593892282004, -1346.6879255434262], [436.09167142573676, -1264.7484938564576], [652.7122218004706, -1158.1917899559105], [843.1587691356739, -1072.0632549733275], [934.8189322437386, -1026.557955506391], [1072.1741381371978, -960.3057141337099], [1227.775519950407, -893.9603482880402], [1302.8108080875702, -876.5478196904086], [1398.1057837939604, -853.7051591461695], [1744.1205503826004, -769.5952117015355], [1775.3165288693967, -761.7799845284192], [2159.507557329693, -669.4900469194741], [2460.1990964351103, -598.5721236173337], [2474.7968009331894, -591.5179591970884], [2474.469729492851, -590.3339156737409], [2438.1155601554888, -446.8937032843971], [2422.857989916398, -387.1301523250321], [2405.3478083372597, -325.3957333071518], [2341.508413055546, -79.38165000014124], [2336.7748021109605, -59.45747555186127], [2314.9673052462576, 31.114885947241437], [2304.248762339093, 79.47802790465396], [2287.210540858444, 140.780469770467], [2262.9434558138114, 224.40511515902128], [2178.914360025955, 531.1097021691435], [2142.815328765307, 668.4247015325657], [2079.375731752429, 886.9354480354748], [2026.192550160062, 1064.1781831991227], [2010.6796049233064, 1126.0694851092044], [2004.499641570417, 1151.3306838535236], [1959.7660964943666, 1300.8797547087322], [1912.0451877480064, 1462.2459365511081], [1880.185020165337, 1570.7768882326686], [1806.6371500777077, 1825.2205346891594], [1801.39934042381, 1842.0428531686002], [1789.773784359946, 1883.2280854710714], [2226.664021744949, 1934.5192298370496], [2561.437285324368, 1970.9984995606972], [2838.354459983973, 2000.007347550466], [3085.443888568443, 2025.3799689869913], [3286.7434255436265, 2046.401060601993], [4169.5834596209215, 2136.4327317287066], [4337.953916732403, 2153.750057533977], [4337.217765963077, 2173.739782621539], [4333.171193836985, 2232.603415334114], [4316.913311715581, 2387.460622873223], [4294.604382948444, 2595.462097036643], [4290.584220484219, 2621.5170029568094], [4270.970968010986, 2811.816141761998], [4249.346687989976, 3016.5102082691224], [4227.045357231052, 3230.921730312586], [4409.623245954374, 3252.190662437047], [4424.999437836888, 3254.4413320216945], [4403.6697843385955, 3458.140519040826], [4381.471934810025, 3670.830792437447], [4357.996145683256, 3890.505959958965], [4339.106685789321, 4069.1958724705796], [4338.535954507188, 4074.1289227667685], [4502.6840376530145, 4081.632344499972], [4502.495038767324, 4484.698691226302], [-4502.495038767947, 4484.698691226173], [-4506.696967628333, -4482.558563210587], [-38.97135409701447, -4483.6139973419085], [-51.03739352497792, -4452.430735360484]]], "clat": -33.597335056106985, "clon": -70.70156507665558, "env": {"solar_pvout": 1601.0, "solar_ghi": 2111.0, "temp_mean": 15.6, "temp_min": 6.8, "temp_max": 25.5, "wind_max_mean": 15.0, "precip_annual": 802.0}, "indicators": {"health_facilities": 44.0, "foreign_pop": 8914.0, "schools": 127.0}}, {"name": "El Bosque",