{"level": "ADM3", "source": "geoBoundaries gbOpen CHN", "license": "CC-BY-4.0", "units": [{"name": "Pudong New District", "rings": [[[936.7614507826712, 1280.2035632924274], [717.4862276076882, 1031.7201657025757], [538.2580256098968, 854.5661538761094], [289.72543032203316, 630.4673530255106], [176.21927229121616, 539.5092131751212], [9.545798879758266, 348.69741506254195], [-22.71162597438093, 289.2469885741699], [-62.13247034878875, 196.5121747811324], [-86.03412158544482, 123.40197092913623], [-102.75207093491127, 8.669785924534619], [-105.14264258784942, -48.39687963911626], [-96.1869645333052, -146.47560851923234], [-77.23847516788213, -236.70432427472016], [-35.67526374738603, -348.59781763416447], [26.949089765901373, -455.39130100426604], [68.51072071006041, -507.224929037412], [330.2696603246976, -668.0743495622872], [529.9352094482241, -770.6407357057154], [802.0571645282697, -888.4280389680745], [1143.415151474914, -995.8186482709714], [1301.0397935921433, -1020.9172407360999], [1301.326073130485, 1294.7052904488185], [948.4669200985069, 1294.7429965828464], [936.7614507826712, 1280.2035632924274]]], "clat": 31.239196150755692, "clon": 121.49771570937386, "env": {"solar_pvout": 1159.0, "solar_ghi": 1494.0, "temp_mean": 17.2, "temp_min": -3.9, "temp_max": 31.6, "wind_max_mean": 18.4, "precip_annual": 1326.0}}, {"name": "Huangpu District", "rings": [[[-1219.5085864796392, -306.96882752907635], [-1148.9783666976464, -382.22194735052375], [-1098.2177778438179, -435.7352800489255], [-980.3470100137741, -593.8405864943256], [-863.8485051295701, -672.4176299678213], [-763.0624879631708, -713.2113502415273], [-675.3674503151855, -724.492262477989], [-472.06197279655333, -656.327198891911], [-363.42153569467723, -609.8667586922146], [-252.60811964767174, -566.0129428598979], [26.949089765901373, -455.39130100426604], [-35.67526374738603, -348.59781763416447], [-77.23847516788213, -236.70432427472016], [-96.1869645333052, -146.47560851923234], [-105.14264258784942, -48.39687963911626], [-102.75207093491127, 8.669785924534619], [-86.03412158544482, 123.40197092913623], [-62.13247034878875, 196.5121747811324], [-22.71162597438093, 289.2469885741699], [9.545798879758266, 348.69741506254195], [176.21927229121616, 539.5092131751212], [289.72543032203316, 630.4673530255106], [538.2580256098968, 854.5661538761094], [717.4862276076882, 1031.7201657025757], [936.7614507826712, 1280.2035632924274], [948.4669200985069, 1294.7429965828464], [-1301.326073130485, 1294.7052904488185], [-1301.1336038834559, -262.21834136880227], [-1219.5085864796392, -306.96882752907635]]], "clat": 31.235789350805877, "clon": 121.4848025195906, "env": {"solar_pvout": 1159.0, "solar_ghi": 1494.0, "temp_mean": 17.2, "temp_min": -3.9, "temp_max": 31.6, "wind_max_mean": 18.4, "precip_annual": 1326.0}}, {"name": "Hongkou District", "rings": [[[1143.415151474914, -995.8186482709714], [802.0571645282697, -888.4280389680745], [529.9352094482241, -770.6407357057154], [330.2696603246976, -668.0743495622872], [68.51072071006041, -507.224929037412], [26.949089765901373, -455.39130100426604], [-252.60811964767174, -566.0129428598979], [-363.42153569467723, -609.8667586922146], [-472.06197279655333, -656.327198891911], [-675.3674503151855, -724.492262477989], [-763.0624879631708, -713.2113502415273], [-863.8485051295701, -672.4176299678213], [-980.3470100137741, -593.8405864943256], [-1098.2177778438179, -435.7352800489255], [-1119.4274898988638, -480.45287429763323], [-1128.7220934406225, -506.84172273677694], [-1138.2924241412434, -536.3462844177546], [-1146.4908397819356, -567.8796290050337], [-1152.6608533923354, -593.0043230102158], [-1158.4973853971144, -619.1933017200836], [-1161.6838948753018, -661.1371533631195], [-1167.9264829778226, -718.5038735870079], [-1173.169768437944, -766.7899929103154], [-1175.7962405956885, -790.4840558663399], [-1179.2989931958994, -814.8655276456855], [-1183.3065890320336, -839.0031646134389], [-1190.999412385268, -873.2307967009266], [-1215.0526517136498, -947.4856854063459], [-1245.3408070429666, -1054.615463588113], [-1253.3681477207076, -1076.4917625314251], [-1267.7291231181807, -1104.8217412184997], [-1274.585858368359, -1117.561975216623], [-1283.9285357289864, -1131.7992822483802], [-1301.0231200318, -1155.7556926449447], [-1301.005917512989, -1294.8685113172844], [1301.005917512989, -1294.8685113172844], [1301.0397935921433, -1020.9172407360999], [1143.415151474914, -995.8186482709714]]], "clat": 31.248857313515227, "clon": 121.48881943992976, "env": {"solar_pvout": 1159.0, "solar_ghi": 1494.0, "temp_mean": 17.2, "temp_min": -3.9, "temp_max": 31.6, "wind_max_mean": 18.4, "precip_annual": 1326.0}}, {"name": "Jing'an District", "rings": [[[-1283.9285357289864, -1131.7992822483802], [-1274.585858368359, -1117.561975216623], [-1267.7291231181807, -1104.8217412184997], [-1253.3681477207076, -1076.4917625314251], [-1245.3408070429666, -1054.615463588113], [-1215.0526517136498, -947.4856854063459], [-1190.999412385268, -873.2307967009266], [-1183.3065890320336, -839.0031646134389], [-1179.2989931958994, -814.8655276456855], [-1175.7962405956885, -790.4840558663399], [-1173.169768437944, -766.7899929103154], [-1167.9264829778226, -718.5038735870079], [-1161.6838948753018, -661.1371533631195], [-1158.4973853971144, -619.1933017200836], [-1152.6608533923354, -593.0043230102158], [-1146.4908397819356, -567.8796290050337], [-1138.2924241412434, -536.3462844177546], [-1128.7220934406225, -506.84172273677694], [-1119.4274898988638, -480.45287429763323], [-1098.2177778438179, -435.7352800489255], [-1148.9783666976464, -382.22194735052375], [-1219.5085864796392, -306.96882752907635], [-1301.1336038834559, -262.21834136880227], [-1301.0231200318, -1155.7556926449447], [-1283.9285357289864, -1131.7992822483802]]], "clat": 31.24580715167402, "clon": 121.47705006476026, "env": {"solar_pvout": 1158.0, "solar_ghi": 1493.0, "temp_mean": 17.2, "temp_min": -3.9, "temp_max": 31.6, "wind_max_mean": 18.4, "precip_annual": 1326.0}}], "env_meta": {"precip_annual": {"label": "Precipitation (annual)", "unit": "mm/yr"}, "solar_ghi": {"label": "Solar irradiation (GHI)", "unit": "kWh/m2/yr"}, "solar_pvout": {"label": "Solar PV yield", "unit": "kWh/kWp/yr"}, "temp_max": {"label": "Air temperature (warmest day)", "unit": "degC"}, "temp_mean": {"label": "Air temperature (mean)", "unit": "degC"}, "temp_min": {"label": "Air temperature (coldest day)", "unit": "degC"}, "wind_max_mean": {"label": "Wind (mean daily max)", "unit": "km/h"}}, "indicator_meta": {}}