{"level": "ADM2", "source": "geoBoundaries gbOpen USA", "license": "CC-BY-4.0", "units": [{"name": "Queens", "rings": [[[2677.8795264065716, -6875.224436173598], [2801.2891647384413, -6983.489042535627], [7003.359472884831, -6986.268389485891], [7012.3752450232005, 2556.7712513848646], [6794.47755555591, 2649.359686022533], [5366.505338848191, 3617.6454586549917], [4329.383977910989, 1857.323623276937], [3884.69689521547, 1136.4227148831346], [3150.601420565921, -165.71555696230135], [3115.426189443307, -226.33316238548204], [3018.1052607281517, -394.19823432426574], [3026.318277279557, -558.9976629202241], [2720.115678934712, -1277.8076869935298], [2600.776952144341, -1420.5734590327652], [2380.089124643085, -1498.4555492842292], [514.5282071894231, -2712.8542501281277], [-209.43540243041767, -2422.002425517115], [-116.7624534490089, -3088.2937913560954], [-17.942178720863886, -3278.075560576395], [2083.2686736333994, -6162.761470066198], [2157.7231413640297, -6983.273746723381], [2255.1456886808137, -6983.3027487120435], [2677.8795264065716, -6875.224436173598]]], "clat": 40.73888741193218, "clon": -73.90761730821211, "env": {"solar_pvout": 1179.0, "solar_ghi": 1503.0, "temp_mean": 13.0, "temp_min": -9.8, "temp_max": 28.5, "wind_max_mean": 21.4, "precip_annual": 1480.0}}, {"name": "Kings", "rings": [[[-4928.026925021547, 6214.020757970946], [-5112.143275614454, 4020.5957360284638], [-5246.158834493172, 3828.495603973074], [-4672.963978081129, 3646.4318301109033], [-4093.641065308373, 3216.5743190884946], [-3462.387775244145, 2759.8221743381514], [-2915.5493231306555, 1184.7287144076756], [-1625.4680043900867, 1023.9922126558716], [-1080.838612212, 623.3182012514839], [-550.254267519037, -324.86582231676726], [-470.90820388891666, -439.5734328782694], [-223.58867010732047, -861.21318789245], [-181.57246672225853, -1938.9393776712675], [-209.43540243041767, -2422.002425517115], [514.5282071894231, -2712.8542501281277], [2380.089124643085, -1498.4555492842292], [2600.776952144341, -1420.5734590327652], [2720.115678934712, -1277.8076869935298], [3026.318277279557, -558.9976629202241], [3018.1052607281517, -394.19823432426574], [3115.426189443307, -226.33316238548204], [3150.601420565921, -165.71555696230135], [3884.69689521547, 1136.4227148831346], [4329.383977910989, 1857.323623276937], [5366.505338848191, 3617.6454586549917], [6794.47755555591, 2649.359686022533], [7012.3752450232005, 2556.7712513848646], [7016.550127046192, 6979.571217652102], [-5571.3072403872275, 6980.795139506002], [-4928.026925021547, 6214.020757970946]]], "clat": 40.682808864942395, "clon": -73.94865237104118, "env": {"solar_pvout": 1179.0, "solar_ghi": 1503.0, "temp_mean": 13.0, "temp_min": -9.4, "temp_max": 28.2, "wind_max_mean": 23.0, "precip_annual": 1450.0}}, {"name": "Hudson", "rings": [[[-3494.714540704292, -6600.495055781668], [-3569.6040022403818, -6463.7991983984275], [-4076.6767695395965, -5538.391988418931], [-4152.977038435015, -5399.1673103488565], [-4209.42086019317, -5286.360890335437], [-4541.854670470042, -4622.050097769352], [-4807.851311837631, -3234.775312164516], [-5049.704868958637, -1973.8756802022206], [-5159.824775063647, -1399.9116654329703], [-5163.337718811577, -1381.6031806946937], [-5195.231332433386, -1162.651359974856], [-5454.236323119332, 614.952443970565], [-6834.033574335637, 1648.669425624028], [-7011.847121772849, 1997.4560754131546], [-7003.359472886024, -6986.268389485701], [-3284.797651898634, -6983.68755580737], [-3494.714540704292, -6600.495055781668]]], "clat": 40.74637284872803, "clon": -74.02875116697123, "env": {"solar_pvout": 1156.0, "solar_ghi": 1477.0, "temp_mean": 13.0, "temp_min": -9.5, "temp_max": 28.9, "wind_max_mean": 20.9, "precip_annual": 1520.0}}, {"name": "New York", "rings": [[[-6834.033574335637, 1648.669425624028], [-5454.236323119332, 614.952443970565], [-5195.231332433386, -1162.651359974856], [-5163.337718811577, -1381.6031806946937], [-5159.824775063647, -1399.9116654329703], [-5049.704868958637, -1973.8756802022206], [-4807.851311837631, -3234.775312164516], [-4541.854670470042, -4622.050097769352], [-4209.42086019317, -5286.360890335437], [-4152.977038435015, -5399.1673103488565], [-4076.6767695395965, -5538.391988418931], [-3569.6040022403818, -6463.7991983984275], [-3494.714540704292, -6600.495055781668], [-3284.797651898634, -6983.68755580737], [2157.7231413640297, -6983.273746723381], [2083.2686736333994, -6162.761470066198], [-17.942178720863886, -3278.075560576395], [-116.7624534490089, -3088.2937913560954], [-209.43540243041767, -2422.002425517115], [-181.57246672225853, -1938.9393776712675], [-223.58867010732047, -861.21318789245], [-470.90820388891666, -439.5734328782694], [-550.254267519037, -324.86582231676726], [-1080.838612212, 623.3182012514839], [-1625.4680043900867, 1023.9922126558716], [-2915.5493231306555, 1184.7287144076756], [-3462.387775244145, 2759.8221743381514], [-4093.641065308373, 3216.5743190884946], [-4672.963978081129, 3646.4318301109033], [-5246.158834493172, 3828.495603973074], [-5532.293110508932, 3418.304444404921], [-7012.765868400888, 2970.4900715650406], [-7011.847121772849, 1997.4560754131546], [-6834.033574335637, 1648.669425624028]], [[2677.8795264065716, -6875.224436173598], [2255.1456886808137, -6983.3027487120435], [2801.2891647384413, -6983.489042535627], [2677.8795264065716, -6875.224436173598]]], "clat": 40.73526522637305, "clon": -73.9909769088892, "env": {"solar_pvout": 1179.0, "solar_ghi": 1503.0, "temp_mean": 13.0, "temp_min": -9.5, "temp_max": 28.9, "wind_max_mean": 20.9, "precip_annual": 1520.0}}], "env_meta": {"precip_annual": {"label": "Precipitation (annual)", "unit": "mm/yr"}, "solar_ghi": {"label": "Solar irradiation (GHI)", "unit": "kWh/m2/yr"}, "solar_pvout": {"label": "Solar PV yield", "unit": "kWh/kWp/yr"}, "temp_max": {"label": "Air temperature (warmest day)", "unit": "degC"}, "temp_mean": {"label": "Air temperature (mean)", "unit": "degC"}, "temp_min": {"label": "Air temperature (coldest day)", "unit": "degC"}, "wind_max_mean": {"label": "Wind (mean daily max)", "unit": "km/h"}}, "indicator_meta": {}}