{"level": "ADM2", "source": "geoBoundaries gbOpen USA", "license": "CC-BY-4.0", "units": [{"name": "Queens", "rings": [[[4329.383977910989, 1857.323623276937], [3884.69689521547, 1136.4227148831346], [3150.601420565921, -165.71555696230135], [3115.426189443307, -226.33316238548204], [3018.1052607281517, -394.19823432426574], [3026.318277279557, -558.9976629202241], [2720.115678934712, -1277.8076869935298], [2600.776952144341, -1420.5734590327652], [2380.089124643085, -1498.4555492842292], [514.5282071894231, -2712.8542501281277], [-209.43540243041767, -2422.002425517115], [-116.7624534490089, -3088.2937913560954], [-17.942178720863886, -3278.075560576395], [864.4141971485781, -4489.087120999353], [4503.675358687587, -4490.4043710627275], [4507.71393424648, 2160.075745345992], [4329.383977910989, 1857.323623276937]]], "clat": 40.73648624840681, "clon": -73.92619749263152, "env": {"solar_pvout": 1178.0, "solar_ghi": 1502.0, "temp_mean": 13.0, "temp_min": -9.8, "temp_max": 28.5, "wind_max_mean": 21.4, "precip_annual": 1480.0}}, {"name": "Kings", "rings": [[[-4093.641065308373, 3216.5743190884946], [-3462.387775244145, 2759.8221743381514], [-2915.5493231306555, 1184.7287144076756], [-1625.4680043900867, 1023.9922126558716], [-1080.838612212, 623.3182012514839], [-550.254267519037, -324.86582231676726], [-470.90820388891666, -439.5734328782694], [-223.58867010732047, -861.21318789245], [-181.57246672225853, -1938.9393776712675], [-209.43540243041767, -2422.002425517115], [514.5282071894231, -2712.8542501281277], [2380.089124643085, -1498.4555492842292], [2600.776952144341, -1420.5734590327652], [2720.115678934712, -1277.8076869935298], [3026.318277279557, -558.9976629202241], [3018.1052607281517, -394.19823432426574], [3115.426189443307, -226.33316238548204], [3150.601420565921, -165.71555696230135], [3884.69689521547, 1136.4227148831346], [4329.383977910989, 1857.323623276937], [4507.71393424648, 2160.075745345992], [4509.126598236275, 4487.636661039288], [-4509.126598236275, 4487.636661039288], [-4508.542055200537, 3524.4404638361057], [-4093.641065308373, 3216.5743190884946]]], "clat": 40.69784142429803, "clon": -73.95322363125166, "env": {"solar_pvout": 1179.0, "solar_ghi": 1503.0, "temp_mean": 13.0, "temp_min": -9.4, "temp_max": 28.2, "wind_max_mean": 23.0, "precip_annual": 1450.0}}, {"name": "New York", "rings": [[[-17.942178720863886, -3278.075560576395], [-116.7624534490089, -3088.2937913560954], [-209.43540243041767, -2422.002425517115], [-181.57246672225853, -1938.9393776712675], [-223.58867010732047, -861.21318789245], [-470.90820388891666, -439.5734328782694], [-550.254267519037, -324.86582231676726], [-1080.838612212, 623.3182012514839], [-1625.4680043900867, 1023.9922126558716], [-2915.5493231306555, 1184.7287144076756], [-3462.387775244145, 2759.8221743381514], [-4093.641065308373, 3216.5743190884946], [-4508.542055200537, 3524.4404638361057], [-4503.675358687587, -4490.4043710627275], [864.4141971485781, -4489.087120999353], [-17.942178720863886, -3278.075560576395]]], "clat": 40.72845878648287, "clon": -73.98971846211286, "env": {"solar_pvout": 1179.0, "solar_ghi": 1503.0, "temp_mean": 13.0, "temp_min": -9.5, "temp_max": 28.9, "wind_max_mean": 20.9, "precip_annual": 1520.0}}], "env_meta": {"precip_annual": {"label": "Precipitation (annual)", "unit": "mm/yr"}, "solar_ghi": {"label": "Solar irradiation (GHI)", "unit": "kWh/m2/yr"}, "solar_pvout": {"label": "Solar PV yield", "unit": "kWh/kWp/yr"}, "temp_max": {"label": "Air temperature (warmest day)", "unit": "degC"}, "temp_mean": {"label": "Air temperature (mean)", "unit": "degC"}, "temp_min": {"label": "Air temperature (coldest day)", "unit": "degC"}, "wind_max_mean": {"label": "Wind (mean daily max)", "unit": "km/h"}}, "indicator_meta": {}}