{"level": "ADM3", "source": "geoBoundaries gbOpen CHL", "license": "CC-BY-4.0", "units": [{"name": "Calera de Tango", "rings": [[[-132.16685931181917, 2579.590637722954], [113.35964039959286, 2322.4446383720615], [398.24142480343676, 2617.497115393833], [531.5814352120588, 2468.6866628727016], [631.8891114065815, 2339.7073670818777], [657.3198996262496, 2287.0499264794526], [660.3886227134536, 2266.7719801446638], [703.5641560198201, 2198.004937188765], [816.9447925477979, 1888.427782356416], [824.6078054882435, 1842.054767033333], [870.1916619144248, 1807.3426150027676], [889.1604121157249, 1640.523576891778], [981.065413248911, 1414.3952551461457], [1104.5856714162974, 1126.5036341077714], [1263.8855576964975, 777.9664687935554], [1441.5742076385, 429.7511836530048], [1448.2001112278256, 415.8889429999788], [1530.6291407781896, 243.38934720080948], [1609.0481329137685, 81.35640582336902], [2275.5417136765627, 513.8200122931675], [2481.823722420988, 631.8206956488447], [2763.726867144979, 316.74199240882706], [2763.027214004535, 2751.3498827153685], [-249.68371496651136, 2750.9561177639907], [-132.16685931181917, 2579.590637722954]]], "clat": -33.58795737916782, "clon": -70.79656495427997, "env": {"solar_pvout": 1564.0, "solar_ghi": 2063.0, "temp_mean": 15.1, "temp_min": 5.9, "temp_max": 25.0, "wind_max_mean": 15.2, "precip_annual": 661.0}, "indicators": {"health_facilities": 5.0, "schools": 14.0}}, {"name": "Maip\u00fa", "rings": [[[2478.2135473994276, -852.536295960448], [2023.4518793684665, -1322.4354361914657], [1552.9297800098095, -1816.444285311903], [1443.484751467156, -1949.7844118675623], [1447.1825216581976, -1958.0114849107895], [999.0036342795219, -2401.768836708476], [539.9517845092389, -2750.926688010912], [2764.6079551952275, -2750.5447727376554], [2763.9842965207777, -579.2799456393456], [2478.2135473994276, -852.536295960448]]], "clat": -33.554340722202475, "clon": -70.79329274306616, "env": {"solar_pvout": 1565.0, "solar_ghi": 2063.0, "temp_mean": 15.1, "temp_min": 5.9, "temp_max": 25.0, "wind_max_mean": 15.2, "precip_annual": 661.0}, "indicators": {"health_facilities": 52.0, "schools": 214.0}}, {"name": "Padre Hurtado", "rings": [[[999.0036342795219, -2401.768836708476], [1447.1825216581976, -1958.0114849107895], [1443.484751467156, -1949.7844118675623], [1552.9297800098095, -1816.444285311903], [2023.4518793684665, -1322.4354361914657], [2478.2135473994276, -852.536295960448], [2763.9842965207777, -579.2799456393456], [2763.726867144979, 316.74199240882706], [2481.823722420988, 631.8206956488447], [2275.5417136765627, 513.8200122931675], [1609.0481329137685, 81.35640582336902], [1530.6291407781896, 243.38934720080948], [1448.2001112278256, 415.8889429999788], [1441.5742076385, 429.7511836530048], [1263.8855576964975, 777.9664687935554], [1104.5856714162974, 1126.5036341077714], [981.065413248911, 1414.3952551461457], [889.1604121157249, 1640.523576891778], [870.1916619144248, 1807.3426150027676], [824.6078054882435, 1842.054767033333], [816.9447925477979, 1888.427782356416], [703.5641560198201, 2198.004937188765], [660.3886227134536, 2266.7719801446638], [657.3198996262496, 2287.0499264794526], [631.8891114065815, 2339.7073670818777], [531.5814352120588, 2468.6866628727016], [398.24142480343676, 2617.497115393833], [113.35964039959286, 2322.4446383720615], [-132.16685931181917, 2579.590637722954], [-249.68371496651136, 2750.9561177639907], [-481.0765689427193, 2750.9649110790942], [-1821.4352175171114, 1451.7911035768182], [-1666.472921488637, 1317.1669746565203], [-1654.7177972468346, 1312.1361740296086], [-1551.3708965768603, 1219.0386114112803], [-1656.6819784292734, 1104.456369204024], [-1679.772839438635, 1086.3041646834772], [-1765.6661623255363, 1070.4020461356313], [-2154.7612858647294, 1020.7034224238023], [-2704.8215981353615, 956.6955539081221], [-2763.543966961295, 953.2766847537534], [-2764.607955194278, -2750.5447727381074], [539.9517845092389, -2750.926688010912], [999.0036342795219, -2401.768836708476]]], "clat": -33.569089496854545, "clon": -70.81929075565859, "env": {"solar_pvout": 1566.0, "solar_ghi": 2063.0, "temp_mean": 15.1, "temp_min": 5.9, "temp_max": 25.0, "wind_max_mean": 15.2, "precip_annual": 661.0}, "indicators": {"health_facilities": 3.0, "schools": 34.0}}, {"name": "Pe\u00f1aflor", "rings": [[[-2704.8215981353615, 956.6955539081221], [-2154.7612858647294, 1020.7034224238023], [-1765.6661623255363, 1070.4020461356313], [-1679.772839438635, 1086.3041646834772], [-1656.6819784292734, 1104.456369204024], [-1551.3708965768603, 1219.0386114112803], [-1654.7177972468346, 1312.1361740296086], [-1666.472921488637, 1317.1669746565203], [-1821.4352175171114, 1451.7911035768182], [-481.0765689427193, 2750.9649110790942], [-2763.027214004571, 2751.349882715834], [-2763.543966961295, 953.2766847537534], [-2704.8215981353615, 956.6955539081221]]], "clat": -33.59073190558934, "clon": -70.83664284705883, "env": {"solar_pvout": 1566.0, "solar_ghi": 2063.0, "temp_mean": 15.8, "temp_min": 6.6, "temp_max": 25.7, "wind_max_mean": 15.2, "precip_annual": 661.0}, "indicators": {"health_facilities": 14.0, "schools": 55.0}}], "env_meta": {"precip_annual": {"label": "Precipitation (annual)", "unit": "mm/yr"}, "solar_ghi": {"label": "Solar irradiation (GHI)", "unit": "kWh/m2/yr"}, "solar_pvout": {"label": "Solar PV yield", "unit": "kWh/kWp/yr"}, "temp_max": {"label": "Air temperature (warmest day)", "unit": "degC"}, "temp_mean": {"label": "Air temperature (mean)", "unit": "degC"}, "temp_min": {"label": "Air temperature (coldest day)", "unit": "degC"}, "wind_max_mean": {"label": "Wind (mean daily max)", "unit": "km/h"}}, "indicator_meta": {"health_facilities": {"label": "Health facilities", "unit": "count"}, "schools": {"label": "Schools", "unit": "count"}}}