{"level": "ADM3", "source": "geoBoundaries gbOpen CHL", "license": "CC-BY-4.0", "units": [{"name": "San Joaqu\u00edn", "rings": [[[1456.813249109384, -2251.917905468323], [1437.6836979132354, -2243.685103060029], [1425.8403325765714, -2239.8739822494845], [1406.9520208093252, -2236.174459006352], [1362.4091445741328, -2230.463812490439], [1294.0530579574124, -2221.557879615078], [1255.0261362947494, -2216.9644481849527], [1203.2913730036746, -2210.8843246323017], [1160.8629376356216, -2205.197548567225], [1114.2821029531729, -2199.1096699753743], [1061.3569335415027, -2191.852127359733], [1007.3706393171357, -2184.857159582684], [950.977752679775, -2179.563654413424], [901.1972372433592, -2170.633895070687], [840.7195792459904, -2163.528793776838], [782.7274621105139, -2155.5565424011], [721.2441922269174, -2148.0659021593574], [663.2527404686439, -2144.2726042324457], [625.5781180448054, -2136.0688392804273], [603.9782475107083, -2132.936682851776], [557.8897265520989, -2126.365605022532], [547.1490766071236, -2209.778327286608], [543.0255069112161, -2258.7142797704673], [1470.8690609816638, -2258.617324608105], [1456.813249109384, -2251.917905468323]]], "clat": -33.51793482095761, "clon": -70.63308848324164, "env": {"solar_pvout": 1608.0, "solar_ghi": 2110.0, "temp_mean": 16.1, "temp_min": 7.3, "temp_max": 25.4, "wind_max_mean": 13.1, "precip_annual": 531.0}, "indicators": {"health_facilities": 14.0, "schools": 48.0}}, {"name": "San Miguel", "rings": [[[547.1490766071236, -2209.778327286608], [557.8897265520989, -2126.365605022532], [482.65814620284357, -2119.994013336283], [417.39791923009585, -2131.6713960671814], [346.72791826319025, -2148.9325949599465], [143.52765939878884, -2197.167927999486], [-63.12248798012159, -2247.4490796003297], [-110.02703916545089, -2258.728951926146], [543.0255069112161, -2258.7142797704673], [547.1490766071236, -2209.778327286608]]], "clat": -33.51799878641344, "clon": -70.63909738244726, "env": {"solar_pvout": 1608.0, "solar_ghi": 2110.0, "temp_mean": 16.1, "temp_min": 7.3, "temp_max": 25.4, "wind_max_mean": 13.1, "precip_annual": 531.0}, "indicators": {"health_facilities": 33.0, "foreign_pop": 12093.0, "schools": 69.0}}, {"name": "San Ram\u00f3n", "rings": [[[-63.12248798012159, -2247.4490796003297], [143.52765939878884, -2197.167927999486], [346.72791826319025, -2148.9325949599465], [417.39791923009585, -2131.6713960671814], [482.65814620284357, -2119.994013336283], [557.8897265520989, -2126.365605022532], [558.6448440468221, -2108.8343160259355], [559.6289627192948, -2108.9024708622633], [607.5014438512576, -1628.2649723225234], [626.5294702074924, -1373.4898172827852], [645.3066933739359, -1174.0952901073497], [654.6651059475191, -1080.6110011939047], [663.0352321435752, -970.6791130168285], [676.0672790152222, -903.6672355449551], [698.6148767333046, -817.1340179408033], [728.2100064304294, -555.8181000191427], [736.3549663518218, -438.4167996021199], [742.4147413068392, -354.84418535665577], [745.2792600140848, -213.49014329901618], [751.3230746323909, -67.4349533076171], [754.765660260437, -12.677410203880116], [784.1915559261473, 450.5585811226832], [786.5120234426879, 491.36208756288187], [789.2569317443981, 528.6061747306313], [866.8187991430915, 1072.7192989987125], [898.3933418937731, 1269.5231277824323], [939.5294645892918, 1503.5806119285044], [1003.6166127738356, 1806.4055096048914], [996.1744486850985, 1815.32557890038], [1012.4168766340478, 1900.4973078171288], [1031.2803099720759, 2005.1174172614892], [1060.4980784509153, 2166.0550648526423], [1073.9487740719671, 2226.4790737237636], [1075.350000261975, 2236.8093564391556], [1038.96977029565, 2240.342312310109], [1039.3159668557555, 2241.943066745259], [977.5114763000123, 2247.8116202712927], [941.2529180156176, 2245.2374545511298], [876.552087003568, 2233.9367086049874], [831.9386509154698, 2226.5185645091933], [791.7184419196416, 2213.8603917251394], [738.3471182225145, 2210.4905637290794], [679.9817925895588, 2200.642166085737], [626.5170163215857, 2191.797328227278], [551.809767058497, 2179.0514627587118], [476.7086543964436, 2166.856515038383], [421.83498625753776, 2157.981023028147], [385.3285334655199, 2151.4043753521623], [348.1017624875958, 2145.815976596697], [301.7974435892093, 2138.0760261382147], [271.7480126739174, 2132.77552959559], [195.89161533863847, 2119.39485844607], [114.56478898576219, 2107.1012360895843], [73.52932867509344, 2102.4521906079544], [-44.934028320839765, 2084.571503289817], [-116.83706132647073, 2073.2629419576733], [-135.58780427423372, 2070.351906502917], [-176.8091215157768, 2063.471223881863], [-216.93620402186306, 2056.837033971832], [-269.6721760211479, 2046.996044558674], [-308.57880783487275, 2040.3813908037018], [-339.7028757638643, 2033.881745747672], [-371.1055730049651, 2027.3859831772454], [-407.6114850923624, 2020.7848363459948], [-446.68263733962664, 2013.1842752123684], [-542.437459637667, 1996.663281760725], [-610.8863555296422, 1984.5739415286555], [-707.6328534550458, 1967.0375695538926], [-747.3175605177914, 1960.4106603883972], [-791.3033692121746, 1952.7075105017955], [-827.4245604658634, 1946.1370948447645], [-864.3480522994513, 1940.5453734085377], [-912.8231605622186, 1932.7792961839007], [-985.9418917941869, 1919.6161992345478], [-1005.7894200142659, 1916.114133986413], [-1041.987394448589, 1909.73086769781], [-1124.420416362805, 1896.7019341448781], [-1039.4714078405566, 1467.9093046505968], [-1016.5127531076242, 1344.2965310631218], [-984.1904050335878, 1208.1261582469574], [-953.0437076298854, 1076.9100220274552], [-881.6694772503785, 774.1434552375754], [-852.2914963422029, 634.4694648237153], [-779.0624743283857, 326.6028613356471], [-772.3738966122141, 253.61051996387457], [-790.182175101791, 209.31874915259993], [-767.1643134420253, 112.0984665924591], [-501.85475785979855, -1029.9037954382], [-474.5333108437789, -1071.989461943749], [-464.95524822265367, -1113.8480549870003], [-417.8664515096253, -1313.844115853248], [-387.4658078827144, -1447.390867920916], [-373.6635823594107, -1509.1922656041058], [-339.64864641406433, -1624.6797608724683], [-333.6600943917579, -1648.968651056241], [-313.7623942068867, -1729.2916475631807], [-288.9034169895445, -1839.9259247958655], [-263.9865216443567, -1949.5595686516822], [-254.89388873781772, -1982.5108465899111], [-234.58107839504592, -2075.125000393768], [-213.037822080135, -2166.801905229018], [-202.7488055196904, -2210.0996244878993], [-192.81294531663644, -2254.833655422473], [-191.94802401379215, -2258.727668338501], [-110.02703916545089, -2258.728951926146], [-63.12248798012159, -2247.4490796003297]]], "clat": -33.54048678899303, "clon": -70.64224319742311, "env": {"solar_pvout": 1609.0, "solar_ghi": 2111.0, "temp_mean": 16.1, "temp_min": 7.3, "temp_max": 25.4, "wind_max_mean": 13.1, "precip_annual": 531.0}, "indicators": {"health_facilities": 10.0, "schools": 40.0}}, {"name": "La Cisterna",