{"level": "ADM3", "source": "geoBoundaries gbOpen CHL", "license": "CC-BY-4.0", "units": [{"name": "San Ram\u00f3n", "rings": [[[2555.7381216104855, -654.8660030091746], [2458.9973993186113, -672.434201896232], [2419.314875028835, -679.0741661043733], [2375.331603438034, -686.7917858555013], [2339.212576101198, -693.3740840946873], [2302.2909262672824, -698.9779520105385], [2253.8183760658476, -706.7599756538926], [2180.703979960778, -719.9471255248911], [2160.857605126343, -723.4557197114051], [2124.66173297719, -729.8508934413961], [2042.2330025869173, -742.9069434129251], [2127.3230573014944, -1171.6716111760816], [2150.3223715748672, -1295.276827684048], [2182.689508576788, -1431.436562932236], [2213.879364637554, -1562.6424486761377], [2285.35317607478, -1865.385526551189], [2314.777095129396, -2005.0498485481044], [2388.1073698513474, -2312.8923541625054], [2394.819953402906, -2385.8824930535125], [2377.026242192678, -2430.1801200177233], [2400.076076769249, -2527.392828197759], [2406.348433137931, -2554.3546470841325], [2567.2963896104748, -2554.3130763879767], [2566.789416749375, -652.91042566233], [2555.7381216104855, -654.8660030091746]]], "clat": -33.54866746473328, "clon": -70.65105576293683, "env": {"solar_pvout": 1609.0, "solar_ghi": 2111.0, "temp_mean": 15.6, "temp_min": 6.8, "temp_max": 25.5, "wind_max_mean": 15.0, "precip_annual": 802.0}, "indicators": {"health_facilities": 10.0, "schools": 40.0}}, {"name": "La Cisterna", "rings": [[[2400.076076769249, -2527.392828197759], [2377.026242192678, -2430.1801200177233], [2394.819953402906, -2385.8824930535125], [2388.1073698513474, -2312.8923541625054], [2314.777095129396, -2005.0498485481044], [2285.35317607478, -1865.385526551189], [2213.879364637554, -1562.6424486761377], [2182.689508576788, -1431.436562932236], [2154.2564711014, -1436.7106192916817], [2153.81946376872, -1434.81796511775], [2058.877860120156, -1455.2580559327066], [2044.2454535952809, -1455.7346674216915], [1847.6050612965926, -1495.1439889080098], [1847.6903068043823, -1500.414507067804], [1846.6003978614506, -1500.548256968812], [1849.956435117579, -1516.7531833318549], [1778.6506661530668, -1531.3202360323237], [1740.6017653843876, -1538.6465333242927], [1636.0766428899349, -1558.2167181779453], [1410.4025935262393, -1603.5254026856283], [1263.258900343466, -1633.0931667617037], [1181.4657165846338, -1649.2227178497317], [1167.1287285501417, -1652.412585339867], [1118.8106131199263, -1662.133853964584], [1037.5906377178637, -1678.4653100350342], [931.9421820595222, -1700.2758641814332], [905.4834525634151, -1715.4820667409865], [833.3702300013708, -1762.3138987667664], [800.0138873929583, -1783.9804917449214], [784.7505468177931, -1807.9160351900616], [772.2464420823459, -1813.5498241290725], [737.2804706616962, -1829.304045696714], [651.651197744903, -1867.8849601104703], [593.9282739196055, -1893.8924154122797], [520.9211074907256, -1926.126419538434], [490.963137961854, -1939.3534010273072], [426.965152303477, -1967.6098426501842], [378.5226795036273, -1989.394414862802], [289.52786841787616, -2027.8456777156114], [196.13003827531162, -2068.1545731589445], [178.34497713371343, -2075.825853225866], [124.70245017751625, -2098.9637233568646], [85.62162003795095, -2116.4106138590055], [58.10298507982764, -2128.4207144679144], [6.237175817370899, -2150.2727496415228], [-40.66148806214786, -2169.2134743499096], [-86.26070634922739, -2188.9608821880665], [-132.7531462981041, -2209.7140524271463], [-180.20401014975022, -2230.4829512757133], [-247.97213950631837, -2259.5858669611653], [-310.12854408269936, -2287.5982009734716], [-345.8886787566087, -2303.1795296609703], [-410.4290633019818, -2332.23006098277], [-499.2515344604644, -2369.678788367109], [-651.3777398587345, -2437.1496183470504], [-730.1039076838314, -2470.116735191241], [-806.4440782081881, -2504.5937241008687], [-828.4227655247139, -2514.7962870336055], [-841.9021327681558, -2520.533258140575], [-826.207137331598, -2554.619905374254], [2406.348433137931, -2554.3546470841325], [2400.076076769249, -2527.392828197759]]], "clat": -33.54236393033118, "clon": -70.66396183479385, "env": {"solar_pvout": 1609.0, "solar_ghi": 2111.0, "temp_mean": 15.6, "temp_min": 6.8, "temp_max": 25.5, "wind_max_mean": 15.0, "precip_annual": 802.0}, "indicators": {"health_facilities": 11.0, "foreign_pop": 6336.0, "schools": 74.0}}, {"name": "San Bernardo",