{"level": "ADM3", "source": "geoBoundaries gbOpen CHL", "license": "CC-BY-4.0", "units": [{"name": "San Bernardo", "rings": [[[533.6614065525421, 4324.559519850768], [725.3248428446958, 4068.760670467894], [840.3772119371224, 3914.680710269821], [925.8367797238313, 3801.654091096195], [1004.6168375045727, 3698.557041269545], [1328.3652032873802, 3268.825532011029], [1475.2193090713486, 3072.9050684447307], [1530.6859134905042, 2998.2032504652534], [1770.1116515479416, 2674.2952705641806], [1832.6409573978885, 2588.454876518177], [1938.2684872911962, 2444.9582302927392], [1948.4603905055458, 2432.2750402824513], [2552.0189745111925, 1593.461021227245], [2907.0563892685554, 1079.9978249606595], [3137.6412153510605, 729.9289483500554], [3149.4369739531144, 712.0204340081217], [3305.8693525823596, 783.579300046557], [3576.8067593302553, 903.0930986157103], [3894.7134658461164, 1044.9422905678935], [3906.4250746402477, 1048.089442618307], [4115.447269809342, 1140.9625587743076], [4503.965145041014, 1314.6063176515036], [4502.483134152619, 4484.642805529991], [415.25714779813535, 4483.599397638118], [533.6614065525421, 4324.559519850768]]], "clat": -33.54457556907599, "clon": -70.72802358127268, "env": {"solar_pvout": 1601.0, "solar_ghi": 2112.0, "temp_mean": 15.6, "temp_min": 6.8, "temp_max": 25.5, "wind_max_mean": 15.0, "precip_annual": 802.0}, "indicators": {"health_facilities": 44.0, "foreign_pop": 8914.0, "schools": 127.0}}, {"name": "Cerrillos", "rings": [[[3946.014248572391, -4481.739981164887], [3954.868150793499, -4466.656625007426], [4028.673933239836, -4393.186484768709], [4222.789342211381, -4186.933125032809], [4463.242462159185, -3931.4595201416446], [4488.771087313881, -3886.7877426870314], [4500.402589312821, -3862.6535119422797], [4506.384696910533, -3864.2626155017915], [4503.965145041014, 1314.6063176515036], [4115.447269809342, 1140.9625587743076], [3906.4250746402477, 1048.089442618307], [3894.7134658461164, 1044.9422905678935], [3576.8067593302553, 903.0930986157103], [3305.8693525823596, 783.579300046557], [3149.4369739531144, 712.0204340081217], [3380.084673312987, 361.8538513897006], [3757.467218898917, -151.2333305297167], [3881.415672192158, -378.1572993224115], [3434.309101783872, -827.2870739214699], [2753.803546928117, -852.5495244811221], [2694.7920294732994, -853.5508898283299], [2547.2961666372107, -856.0533797412381], [2450.366317501142, -857.6979510978701], [1878.011345155107, -818.0518239540779], [2180.4621489970195, -1548.5936798122434], [2329.922810900774, -1947.0011158207546], [2450.9691086093762, -2234.0983176792033], [2505.603791972804, -2342.663998876765], [2607.863787460232, -2458.6587654454506], [2671.874296842718, -2505.53982694886], [2680.7362417798977, -3852.9568903608833], [2710.2218192401524, -3855.1364120138132], [2760.922408625204, -3843.3625851852767], [2789.879056064433, -3835.6035365157845], [2833.0672806483926, -3809.421338030002], [2865.4759438947353, -3790.689634948903], [2909.034010958373, -3786.313054590918], [2948.9551206366505, -3782.0063779732177], [2992.759729789995, -3792.169718630422], [3036.9342293412096, -3824.146909472028], [3066.4987312484004, -3852.7256276032035], [3096.2031118831032, -3888.5862076323933], [3129.2199091851267, -3906.2087375386677], [3180.113639157218, -3905.3458273686424], [3205.502970039523, -3901.277228952975], [3266.9833575678704, -3882.052668656679], [3311.204809238932, -3861.476190159523], [3313.4478400944204, -3937.509332754451], [3325.2588651275355, -3993.0198122495754], [3340.3608566666167, -4023.0318849160276], [3358.5284567368803, -4051.6482451104243], [3398.477414670279, -4106.975986402496], [3416.5488806627995, -4164.239664992281], [3422.0871103445065, -4198.510828930696], [3438.992989949321, -4247.436651912516], [3452.3947713901944, -4397.558620634765], [3466.0231150746727, -4482.938537568042], [3945.114092584725, -4482.754523796207], [3946.014248572391, -4481.739981164887]]], "clat": -33.501026981004415, "clon": -70.72157838188006, "env": {"solar_pvout": 1601.0, "solar_ghi": 2112.0, "temp_mean": 16.6, "temp_min": 7.4, "temp_max": 26.5, "wind_max_mean": 15.7, "precip_annual": 772.0}, "indicators": {"health_facilities": 10.0, "schools": 37.0}}, {"name": "Estaci\u00f3n Central", "rings": [[[4500.402589312821, -3862.6535119422797], [4488.771087313881, -3886.7877426870314], [4463.242462159185, -3931.4595201416446], [4222.789342211381, -4186.933125032809], [4028.673933239836, -4393.186484768709], [3954.868150793499, -4466.656625007426], [3946.014248572391, -4481.739981164887], [3945.114092584725, -4482.754523796207], [4506.6734069007525, -4482.508548379938], [4506.384696910533, -3864.2626155017915], [4500.402589312821, -3862.6535119422797]]], "clat": -33.47888178341163, "clon": -70.71382734695796, "env": {"solar_pvout": 1608.0, "solar_ghi": 2116.0, "temp_mean": 16.6, "temp_min": 7.4, "temp_max": 26.5, "wind_max_mean": 15.7, "precip_annual": 772.0}, "indicators": {"health_facilities": 18.0, "schools": 60.0}}, {"name": "Maip\u00fa",