{"level": "ADM3", "source": "geoBoundaries gbOpen CHL", "license": "CC-BY-4.0", "units": [{"name": "La Cisterna", "rings": [[[3229.233418608269, 3127.9379296157986], [3229.2039909009436, 3215.7624746042384], [3188.4968455366125, 3215.7489240344244], [3229.233418608269, 3127.9379296157986]]], "clat": -33.53092455960273, "clon": -70.68118203979671, "env": {"solar_pvout": 1609.0, "solar_ghi": 2111.0, "temp_mean": 15.6, "temp_min": 6.8, "temp_max": 25.5, "wind_max_mean": 15.0, "precip_annual": 802.0}, "indicators": {"health_facilities": 11.0, "foreign_pop": 6336.0, "schools": 74.0}}, {"name": "San Bernardo", "rings": [[[-1226.7015177109035, 2776.6149795116517], [-996.266857858707, 2426.44725525435], [-984.4787811652045, 2408.533684386817], [-828.0157211545674, 2480.0254516130262], [-557.0270711867622, 2599.423033751428], [-239.0595421687322, 2741.13585650176], [-227.34658420469125, 2744.277984952202], [-18.284565227462274, 2837.061435717518], [789.6589288902591, 3197.771727467664], [828.7548545157991, 3215.257223125024], [-1529.7876874084368, 3215.342984059525], [-1226.7015177109035, 2776.6149795116517]]], "clat": -33.52877025995291, "clon": -70.72182050670514, "env": {"solar_pvout": 1601.0, "solar_ghi": 2111.0, "temp_mean": 16.6, "temp_min": 7.4, "temp_max": 26.5, "wind_max_mean": 15.7, "precip_annual": 772.0}, "indicators": {"health_facilities": 44.0, "foreign_pop": 8914.0, "schools": 127.0}}, {"name": "Cerrillos", "rings": [[[789.6589288902591, 3197.771727467664], [-18.284565227462274, 2837.061435717518], [-227.34658420469125, 2744.277984952202], [-239.0595421687322, 2741.13585650176], [-557.0270711867622, 2599.423033751428], [-828.0157211545674, 2480.0254516130262], [-984.4787811652045, 2408.533684386817], [-753.9812835550123, 2058.2682313758282], [-376.818815742889, 1545.0192787934675], [-252.9676889793809, 1318.042188617405], [-700.2668173780733, 869.1042157474058], [-1380.7831422810655, 844.1335786744036], [-1439.7950836863183, 843.1575177696767], [-1587.2920059962532, 840.7182744001449], [-1684.2225513865042, 839.1152664279629], [-2256.5604714489855, 879.0068088081305], [-1954.4229252374007, 148.33533652790197], [-1805.133086794474, -250.13614303977212], [-1684.2098823569686, -537.2852141915748], [-1629.6217464536082, -645.874308386563], [-1527.4114879559124, -761.9129059284109], [-1463.4210829834142, -808.8214064313634], [-1455.1366894845378, -2156.2421175142226], [-1425.6520500898434, -2158.4342794002846], [-1374.9464213344045, -2146.6821893514766], [-1345.9864522991784, -2138.93555538775], [-1302.787011957396, -2112.7718749642895], [-1270.370324701585, -2094.0540679083656], [-1226.8103876364376, -2089.6961617661227], [-1186.887437428745, -2085.4066002232526], [-1143.0871900822112, -2095.5887191259903], [-1098.9264017461576, -2127.584844091156], [-1069.374152500646, -2156.176233266014], [-1039.6851454700998, -2192.049543349122], [-1006.6759054884749, -2209.6862256627423], [-955.7818125248112, -2208.845134330199], [-930.3907412829335, -2204.787421170815], [-868.9021224697976, -2185.5892209209865], [-824.6718577165534, -2165.0317036282922], [-822.461414593353, -2241.065797648221], [-810.6741824348019, -2296.581333236357], [-795.5850557620149, -2326.599876276621], [-777.4297227472051, -2355.2240212720694], [-737.5044828572854, -2410.568881609234], [-719.4575614411337, -2467.840299764884], [-713.9340203724228, -2502.113833273687], [-697.0491114892748, -2551.0468971887767], [-683.711669430839, -2701.174590513329], [-665.6086638349203, -2814.9004820661144], [-641.6923438384968, -2966.5660367988667], [-622.371020975069, -3089.5717470288496], [-614.7678889032072, -3133.168223089775], [-605.296531286287, -3171.8094405500415], [-597.7804061163071, -3184.7498968564573], [-606.2019088105085, -3193.125958331189], [-610.9338723735469, -3194.8592287493966], [-614.0756881872612, -3196.0105271939256], [-606.3288515456277, -3198.5956205658736], [-576.8604804000661, -3188.882675947904], [-508.75742553879525, -3124.18157409938], [-404.2944004319113, -3024.0069621764465], [-344.47682445955456, -2957.713954245174], [-272.35021484683637, -2878.156510686673], [-190.12833939571775, -2785.5675575215646], [-181.26797423778464, -2770.4879995091783], [-107.43071526943213, -2697.049512613268], [86.77306259014192, -2490.8794084659376], [327.3356453035287, -2235.508938510902], [352.8834138214122, -2190.8481141666907], [364.5252585119033, -2166.7188746341435], [645.2986698360227, -2242.3675270518893], [649.9261396638216, -2247.7537094675813], [664.1535679939913, -2247.5187141341717], [959.7788801960722, -2327.8067599439282], [1175.7060390827119, -2392.6055536745025], [1239.294117013555, -2408.771379822611], [1290.16882372295, -2420.6021277672526], [1320.4939890375952, -2426.1954738480517], [1352.6653666064633, -2432.0599810868052], [1394.7686886931374, -2437.537749590596], [1447.362078062918, -2444.9999972644187], [1503.4058615824897, -2458.168562295693], [1554.7404123526062, -2470.721106884035], [1597.5830856437217, -2486.1644049438814], [1661.4289511793613, -2510.066693882935], [1715.1162937504646, -2529.8170106362204], [1785.7122255024613, -2555.8433654886885], [1857.7188900742512, -2580.922288964383], [1932.7204800324282, -2603.413250844554], [2086.418438526497, -2645.2653227810433], [2197.786184230184, -2672.837752905334], [2242.256585564834, -2670.2251706500188], [2251.6501288476925, -2669.6732985930485], [2329.045659849875, -2659.004286661995], [2623.1364511428014, -2662.174584469535], [2797.9322231018737, -2671.6676658113906], [2811.031603914146, -2615.3365768010426], [2804.11430141589, -2486.3146896392404], [2756.8958261957177, -2233.616229987155], [2686.8995232350776, -2060.8895062395663], [2567.950029302341, -1704.710294232748], [2533.185518386013, -1626.5168302046848], [2501.1350199058234, -1544.4682959315735], [2475.9665094104394, -1473.7694039320606], [2430.311056166001, -1366.2497741426505], [2402.6407624289027, -1283.9976940370464], [2341.150502509322, -1094.281738380977], [2307.611218723081, -993.1690872846162], [2285.884979028049, -937.4574189582577], [2221.173277797343, -778.5657288072088], [2108.885416245221, -510.0070974624868], [2096.669912966325, -479.92806287465044], [2013.0531762675353, -269.26526176983253], [2008.479600580429, -270.5616835435347], [1894.719305271315, 26.12908273178484], [1784.0579240084214, 314.71522296085135], [1757.066129365286, 385.1460996153129], [1476.1884772364654, 1060.95415219286], [1271.4190497328057, 1553.6655932608385], [1250.3662185256696, 1604.8568258716903], [1097.7685261022832, 1976.0714506344248], [910.1331041070017, 2432.4957430812033], [899.5369022679731, 2494.495466613419], [888.7199089732737, 2570.8390087864964], [841.8753300580952, 3215.2583600654025], [828.7548545157991, 3215.257223125024], [789.6589288902591, 3197.771727467664]]], "clat": -33.49971670188415, "clon": -70.71248846058187, "env": {"solar_pvout": 1608.0, "solar_ghi": 2116.0, "temp_mean": 16.6, "temp_min": 7.4, "temp_max": 26.5, "wind_max_mean": 15.7, "precip_annual": 772.0}, "indicators": {"health_facilities": 10.0, "schools": 37.0}}, {"name": "Estaci\u00f3n Central",