{"level": "ADM4", "source": "geoBoundaries gbOpen FRA", "license": "CC-BY-4.0", "units": [{"name": "Clamart", "rings": [[[-4464.513232557952, 3170.7294567460713], [-4455.136110081303, 3165.113951181376], [-4415.113769555298, 3166.368967446847], [-4411.356309873397, 3160.7357961017283], [-4507.027804170163, 3061.919403628756], [-4504.516908879263, 3056.2919702980153], [-4421.975523704255, 3085.695602449256], [-4303.489422994743, 3076.1140987539616], [-4192.253217810246, 3146.7582680336745], [-4095.577689110047, 3208.1568363870992], [-4085.1390362204093, 3211.689560375032], [-3948.1098871534145, 3258.061550859041], [-3697.2522608797517, 3344.8884644420477], [-3427.7532649944856, 3432.4337940103374], [-3580.156047024155, 3616.9944336605636], [-3672.756504601471, 3729.095097588594], [-3729.9501319215965, 3801.6639687747365], [-3742.573535261985, 3817.7831822114763], [-3761.171836817998, 3841.199285925703], [-3775.069579194164, 3858.8173296146565], [-3797.3737468137733, 3889.4069616946795], [-3808.6106636771624, 3903.211955091532], [-3858.0949701771906, 3964.4078817468157], [-3949.1205631442313, 4053.6744108849907], [-3959.8875008102177, 4064.2239015416617], [-4014.5153505942767, 4118.253424679157], [-4041.7466197276085, 4144.452601437516], [-4065.40510835445, 4165.063267033828], [-4089.6766382239052, 4184.778880755129], [-4091.55678868394, 4184.78408232381], [-4111.418770719238, 4200.543058067781], [-4111.901940390621, 4202.700222833714], [-4170.2176866558, 4244.268372014366], [-4169.4664103534105, 4245.327967427689], [-4176.469385270243, 4249.979862931422], [-4177.3325949004475, 4248.630756153125], [-4176.428392253493, 4248.0920473939495], [-4176.988544113707, 4247.2891298780905], [-4184.783369596583, 4252.196961430341], [-4192.182393380163, 4257.1182390754775], [-4207.297338846407, 4267.223654698029], [-4237.9436010231275, 4288.21029532569], [-4264.820481346303, 4305.739733326604], [-4298.857873185876, 4326.407853819844], [-4332.816437155526, 4347.187730116113], [-4333.215175355128, 4350.936868734039], [-4348.090407899352, 4357.542767920416], [-4422.019449389723, 4400.130022824741], [-4504.777593340188, 4443.676493783559], [-4510.48197163561, 4440.8301589740495], [-4512.132357424566, 4441.430504947896], [-4511.106371439021, 3170.4391660740243], [-4464.513232557952, 3170.7294567460713]]], "clat": 48.822856483628875, "clon": 2.291704919474406, "env": {"solar_pvout": 967.0, "solar_ghi": 1230.0, "temp_mean": 12.9, "temp_min": -0.8, "temp_max": 26.3, "wind_max_mean": 20.7, "precip_annual": 974.0}}, {"name": "Clichy", "rings": [[[-2946.180167127159, -4455.751818206697], [-2955.878871966358, -4450.220400152541], [-2965.630332471704, -4444.610209326316], [-2983.5136381549455, -4432.108294215298], [-2992.719215689528, -4425.072648338706], [-3078.4613261705776, -4363.178924381239], [-3241.522686879564, -4245.798764088584], [-3333.970155431622, -4325.91559710589], [-3521.685308112939, -4496.557582653352], [-2875.151375143568, -4496.18683425849], [-2946.180167127159, -4455.751818206697]]], "clat": 48.89567404099589, "clon": 2.3041145458681993, "env": {"solar_pvout": 957.0, "solar_ghi": 1219.0, "temp_mean": 12.9, "temp_min": -0.9, "temp_max": 26.2, "wind_max_mean": 20.6, "precip_annual": 949.0}}, {"name": "Issy-les-Moulineaux", "rings": [[[-4303.489422994743, 3076.1140987539616], [-4421.975523704255, 3085.695602449256], [-4504.516908879263, 3056.2919702980153], [-4507.027804170163, 3061.919403628756], [-4411.356309873397, 3160.7357961017283], [-4415.113769555298, 3166.368967446847], [-4455.136110081303, 3165.113951181376], [-4464.513232557952, 3170.7294567460713], [-4511.106371439021, 3170.4391660740243], [-4510.922918179685, 2943.192854590876], [-4303.489422994743, 3076.1140987539616]]], "clat": 48.828450952284605, "clon": 2.28740759917666, "env": {"solar_pvout": 966.0, "solar_ghi": 1227.0, "temp_mean": 12.9, "temp_min": -0.8, "temp_max": 26.3, "wind_max_mean": 20.7, "precip_annual": 974.0}}, {"name": "Levallois-Perret", "rings": [[[-3333.970155431622, -4325.91559710589], [-3241.522686879564, -4245.798764088584], [-3282.222152250632, -4215.4852718595785], [-3475.374498754106, -4079.341861679949], [-3630.337929739376, -3970.4351022128394], [-3716.0868236623696, -3899.7051914931417], [-3779.551810438351, -3849.040143704753], [-3841.9692496231287, -3800.2269374371763], [-3883.2036709633217, -3767.8598478233184], [-3933.407589933104, -3758.948746227975], [-4053.5943147819385, -3737.9827382109097], [-4130.462347974318, -3724.6130653779996], [-4143.033230623157, -3722.441635083123], [-4168.90990069932, -3704.41055830672], [-4167.198912744916, -3701.9854833589407], [-4213.5758857965775, -3667.6272555645164], [-4279.438071803998, -3618.7017230821098], [-4351.715154982351, -3564.9535350363285], [-4417.896089000106, -3515.897610637382], [-4465.495618920685, -3480.6742166446584], [-4505.759683209263, -3450.6484264070114], [-4504.91421878537, -4497.265054205282], [-3521.685308112939, -4496.557582653352], [-3333.970155431622, -4325.91559710589]]], "clat": 48.893017544135446, "clon": 2.2931628604199967, "env": {"solar_pvout": 968.0, "solar_ghi": 1231.0, "temp_mean": 12.9, "temp_min": -0.9, "temp_max": 26.2, "wind_max_mean": 20.6, "precip_annual": 949.0}}, {"name": "Montrouge",