{"level": "ADM2", "source": "geoBoundaries gbOpen AUS", "license": "CC-BY-4.0", "units": [{"name": "Inner West", "rings": [[[-973.0818677711501, -1028.8072633381564], [-970.2127300524619, -1015.0546055000406], [-967.806286400345, -1001.300790276499], [-964.5652251653647, -979.006230729309], [-963.7334567423527, -971.2408165581584], [-963.2699977586511, -963.589612391044], [-963.3599088648824, -955.9350245063548], [-964.2816458648552, -947.5050225058424], [-965.7669402124922, -939.1858829834157], [-967.8907337588961, -930.8666781988346], [-970.4799930694313, -922.6583452185102], [-975.9401837981035, -909.9008940668591], [-978.3483675253678, -904.688522641591], [-981.0295532242815, -899.6979621386682], [-984.0818630645871, -895.2586341694597], [-987.8745743900722, -891.931754537916], [-993.0554051115769, -889.3789492286636], [-999.257034212408, -888.0483708059576], [-1006.1028181448, -887.7159989844426], [-1012.9532755107532, -887.8261919890148], [-1019.4280721064603, -888.2680707051235], [-1032.013327903163, -891.4844991022916], [-1044.229750116458, -898.1372485740058], [-1056.35293726768, -906.6767394329723], [-1068.3855102478915, -915.6587951477592], [-1080.5993642637904, -923.6448655650008], [-1090.2266273757148, -929.7443593078692], [-1099.7549398737458, -936.2864249129792], [-1109.3785653943771, -942.7186591525259], [-1119.1908614378785, -948.153691943706], [-1129.4628785401255, -951.9237530534858], [-1136.680939775316, -953.5866912392811], [-1144.0849488854844, -954.8048129894823], [-1151.5795657441865, -955.3607265036356], [-1159.075067916499, -955.5805468578359], [-1166.4779795814966, -955.3589116580625], [-1175.3613549929773, -954.136590874061], [-1184.1492912174829, -951.917104217471], [-1193.032466736215, -949.1441074390883], [-1201.3633721706217, -946.409196881316], [-1201.394834545905, -1195.611257264886], [-1024.30348407352, -1195.6319691637561], [-973.0818677711501, -1028.8072633381564]]], "clat": -33.85851673962746, "clon": 151.19525698329355, "env": {"solar_pvout": 1339.0, "solar_ghi": 1720.0, "temp_mean": 17.6, "temp_min": 9.0, "temp_max": 29.3, "wind_max_mean": 20.7, "precip_annual": 876.0}}, {"name": "Sydney", "rings": [[[1165.6979349681867, 4.210733367456694], [1175.322415799757, 5.986637694982711], [1176.987799022744, 6.873094447045991], [1178.9288719810272, 8.094564079817216], [1181.6137404607837, 10.313297330142193], [1183.0013333048673, 12.864629955157243], [1182.261667726882, 15.860487412838491], [1179.9481142497448, 18.853931192158868], [1177.448788286833, 20.184661621476366], [1174.486977506034, 20.29521549985108], [1171.7103170586884, 19.6282438369282], [1170.8789853417084, 23.178690969699492], [1170.3252359328428, 26.728063130780047], [1169.9528128551947, 30.49929767007803], [1169.8616859831882, 34.16075601417127], [1170.0435280929912, 37.708000342945255], [1170.8765142708035, 43.25521263435086], [1172.3553240349588, 48.91342462646649], [1174.482773462648, 54.34654932464264], [1177.0756576088215, 59.56121969365291], [1180.0331360918094, 64.4409575803891], [1182.0693064057377, 67.2164291818786], [1186.6043055036662, 72.54004538800532], [1189.1031477251227, 74.9794886033015], [1191.69361744772, 77.20043151764938], [1201.236202216681, 60.758930158144885], [1201.0928668261395, 1195.7650375476028], [-1201.092866828629, 1195.7650375476078], [-1201.300511975349, -448.5454760122927], [-1089.818435000957, -613.7335574256149], [-1004.4985438155418, -601.3199185548466], [-1183.2402997856154, -323.8887330920076], [-1187.7721961961956, -314.4588631027071], [-1187.2172049040382, -308.580174769578], [-1161.9558743211069, -289.1734103897614], [-1138.362673293929, -298.27059007374584], [-1094.0372897776333, -349.6094338231375], [-1049.7928847626545, -401.21437693981915], [-1042.2348499511456, -408.97960368258595], [-957.8532141693831, -506.2663618846072], [-928.1505744075229, -489.85315720621895], [-890.5777922509861, -469.22675131329834], [-876.7944542112471, -501.8384897926611], [-863.0075705611197, -496.4035649322496], [-919.1889534188565, -337.8881666673947], [-945.0623167246033, -262.57652739525827], [-1003.7970839432226, -91.23907915293734], [-1007.534097581998, -80.56152575869235], [-1000.8260248418941, -73.89150548861062], [-1006.302907511692, -57.728775337939084], [-910.4326906972884, -27.65249321046607], [-880.8927844888127, -122.8834156790304], [-924.5685659139353, -136.66884358566594], [-917.2758453467816, -159.98049271743054], [-870.8314227857118, -145.3090349725616], [-830.9606326148762, -271.20898651995236], [-853.1823585598486, -278.2060690904299], [-854.5398080787596, -278.56532791918346], [-847.2578294798104, -300.965155486335], [-740.8482207162722, -269.35963051471805], [-801.5301748497614, -36.5347829649981], [-811.2397792126051, 0.18056066677630944], [-805.7745536403789, 50.427969380459956], [-774.873391511275, 49.64785285748299], [-774.7822052924699, 44.546634065377944], [-750.3552503971848, 42.32627573849097], [-750.445419373095, 48.759643544423305], [-722.2254852445755, 50.53217942553967], [-721.0192707752564, 58.29427046858198], [-714.635733368334, 59.73685816040259], [-719.0746078096822, 91.68326672026151], [-732.213956126747, 108.21135209544757], [-732.9497806867395, 153.13401922611666], [-716.2967429660364, 156.01556227652833], [-715.9245285283558, 171.7672878874824], [-713.5545744763566, 250.69559109857965], [-713.5100592316503, 252.07210552478952], [-715.4542662939933, 273.25798058343975], [-719.7073661847821, 301.2101543335128], [-720.9073681458659, 326.16725770288963], [-690.1876210965764, 349.45819167194145], [-696.8416312128928, 467.4787414638524], [-680.834761573588, 460.26666791201126], [-650.7643709747023, 520.6061981614858], [-657.6097949498393, 525.042363327705], [-617.633520121224, 600.0205592166146], [-606.9917467805319, 613.5532359522897], [-573.5025654042679, 600.0177960697121], [-504.849288404018, 572.6177491361075], [-495.26384609500616, 522.6998756334451], [-484.8726437584246, 468.5725572751738], [-478.4857835796543, 468.6831539377341], [-447.3470951454286, 311.72086920693704], [-444.44621328042894, 297.090378144547], [-433.80492429162325, 297.9761381284717], [-426.87000202054276, 261.37109880745874], [-438.6230463889355, 249.838167117395], [-531.9836114667421, 215.78936793967316], [-539.474305237918, 202.25865432681678], [-531.2429559099054, 174.1943130442736], [-516.7744554667003, 178.78671461212292], [-497.27416099344407, 117.60662439852925], [-498.2336827905695, 117.1463565078246], [-503.552997756688, 117.56369588586553], [-509.59420873782864, 114.40834293019851], [-530.7048460921109, -114.75234085217816], [-542.2355174571096, -240.46062642155954], [-548.4398417508844, -308.1791246000243], [-555.6211067173559, -388.60121600976], [-565.787669882764, -500.1771949729925], [-565.6927090966227, -506.0215713373685], [-571.559738240421, -560.1778705162235], [-572.3674874098778, -574.5131114025857], [-587.0830970577136, -575.8443628517217], [-645.4873727360975, -1195.6652080736008], [307.7433541869605, -1195.6821257978243], [306.5299524102864, -1187.8011904365985], [318.3754234601175, -1174.489314801545], [283.20410928393966, -954.5375107414732], [260.99258329385856, -956.8663535646767], [238.9639343662545, -798.4744793677023], [238.87225211314882, -795.5905649321384], [239.33486944092724, -793.2623451315569], [239.9834820734655, -790.9307930173679], [240.8143914294019, -788.7123745071459], [241.83407478959091, -786.6048709982023], [243.03605461699055, -784.6082825926295], [244.51563910665797, -782.6116869019147], [246.27560411357166, -780.6150837192785], [248.31225391744502, -778.8425311442054], [250.34891163941163, -777.3994101664406], [253.9558875019223, -775.9573561575702], [257.10021437945846, -775.513592199223], [260.15665092381033, -775.7353488724132], [271.07881541765147, -849.8295184587748], [289.40173626220246, -847.3887417191615], [279.40569386067466, -772.8519954297254], [304.8481340447621, -771.4081466332085], [314.29097800793943, -844.9477150451662], [334.0935271032128, 