{"level": "ADM3", "source": "geoBoundaries gbOpen CHL", "license": "CC-BY-4.0", "units": [{"name": "San Miguel", "rings": [[[1952.887700702273, -1348.8480706540636], [1828.2225759887856, -1378.855272718056], [1625.1882161737622, -1427.1221374848374], [1418.803314541926, -1476.4425550184237], [1208.839047199029, -1524.8205579346404], [792.0151359398255, -1623.5341765874114], [578.7453537341331, -1674.2264573153273], [271.10217779720136, -1784.9292847207803], [125.13064070511606, -1839.2778560617214], [-66.69887778581874, -1908.6358291487622], [-261.4205713686908, -1978.515408078549], [-424.3094332159557, -2038.141755056134], [-516.5022924057475, -2070.62639736113], [-575.1316764728987, -2087.3564992465836], [-608.3933099032567, -2102.2806297227985], [2112.6092808565504, -2102.0683160821077], [2112.435696920544, -1309.992678588092], [1952.887700702273, -1348.8480706540636]]], "clat": -33.51334519925259, "clon": -70.65183526437379, "env": {"solar_pvout": 1608.0, "solar_ghi": 2110.0, "temp_mean": 16.8, "temp_min": 7.9, "temp_max": 26.1, "wind_max_mean": 13.1, "precip_annual": 531.0}, "indicators": {"health_facilities": 33.0, "foreign_pop": 12093.0, "schools": 69.0}}, {"name": "San Ram\u00f3n", "rings": [[[1062.2709889600267, 1975.324800353135], [1133.7085784794058, 1672.5731745564062], [1163.115787505436, 1532.9053339891789], [1236.4092309141731, 1225.054058538631], [1243.113082019125, 1152.0631179620625], [1225.3140717093297, 1107.7676218726658], [1248.3522757014232, 1010.5521571425985], [1513.9007575982976, -131.39457901236491], [1541.2310082764661, -173.47452910618972], [1550.8178274563916, -215.33111781294303], [1597.9484611882413, -415.31732500600583], [1628.3770405717041, -548.8577156495517], [1642.1921937048246, -610.6562252115361], [1676.231286690499, -726.1366033741614], [1682.224919301598, -750.4242405178054], [1702.1394207599974, -830.7430736859376], [1727.02153919731, -941.3721494778033], [1751.96136601293, -1051.0005798857476], [1761.06089101879, -1083.9499554319525], [1781.3930725287928, -1176.5598591891455], [1802.9555036185843, -1268.2322566629605], [1813.2535760458948, -1311.5278232444412], [1823.198792479041, -1356.2597753806283], [1828.2225759887856, -1378.855272718056], [1952.887700702273, -1348.8480706540636], [2112.435696920544, -1309.992678588092], [2111.6875894893774, 2102.537764450493], [1032.0882458599024, 2102.361572122644], [1062.2709889600267, 1975.324800353135]]], "clat": -33.536126687597324, "clon": -70.64572409207113, "env": {"solar_pvout": 1608.0, "solar_ghi": 2111.0, "temp_mean": 16.1, "temp_min": 7.3, "temp_max": 25.4, "wind_max_mean": 13.1, "precip_annual": 531.0}, "indicators": {"health_facilities": 10.0, "schools": 40.0}}, {"name": "La Cisterna", "rings": [[[907.2823323869425, 2082.72774254782], [892.6498688098288, 2082.2528823263347], [696.0047613056053, 2042.867094994571], [696.0893762653152, 2037.5965667349194], [694.9994513215614, 2037.4629472677507], [698.3535498760485, 2021.2576195942183], [627.0460381792769, 2006.6991002622733], [588.9962609534874, 1999.377356255089], [484.4687973312268, 1979.8196793776665], [258.7893282593913, 1934.5379978585493], [111.64209859807426, 1904.9878385346497], [29.846985768618126, 1888.8680728687807], [15.509616234350624, 1885.6799205633545], [-32.80966180036915, 1875.9644322940496], [-114.03159027941216, 1859.6426923474535], [-219.68265414587745, 1837.8447760306335], [-246.14320225079112, 1822.6417384960632], [-318.2620256267133, 1775.8185325473278], [-351.6209593528829, 1754.1559294819137], [-366.8871625099903, 1730.2222118599161], [-379.39194094119483, 1724.589918539865], [-414.3597962465511, 1708.8398792038067], [-499.99368250187774, 1670.2692064444002], [-557.7197160617084, 1644.2686547934281], [-630.7307365829514, 1612.04338198861], [-660.6902875645335, 1598.8199832324892], [-724.691651548878, 1570.5711950551133], [-773.1367288316179, 1548.7924158432832], [-862.1361367849282, 1510.351795034283], [-955.538785630608, 1470.0540675851814], [-973.3247638029296, 1462.3849140911527], [-1026.97005662124, 1439.2534579113405], [-1066.0529723022023, 1421.811240122376], [-1093.5730428696838, 1409.804429727075], [-1145.4414640933585, 1387.9585956536794], [-1192.3423918491228, 1369.0234780168662], [-1237.9439704319204, 1349.281521754324], [-1284.4388908548647, 1328.533909738323], [-1331.8922369769837, 1307.7706835438962], [-1399.6638445357764, 1278.6758691424195], [-1461.8235969216414, 1250.6709652962218], [-1497.5855936722808, 1235.0939112529181], [-1562.1294499106405, 1206.0510946518486], [-1650.9563960677192, 1168.6129840570127], [-1803.090663661541, 1101.1603362213596], [-1881.8207704119998, 1068.2026281458345], [-1958.1650602479253, 1033.7347624412794], [-1980.144966549438, 1023.5348260481258], [-1993.625019199904, 1017.7994657649627], [-1712.1304730279396, 406.29341097215115], [-1635.7479399970325, 241.44599810833708], [-1181.995068731704, -737.8471974713839], [-1096.6916436728736, -939.3590196479921], [-1003.0329863074155, -1160.6315132763636], [-838.6434663528139, -1604.6673674613048], [-705.5678596153828, -1964.145456135049], [-653.2646821204188, -2096.022966436612], [-650.7844096397355, -2102.277860865822], [-608.3933099032567, -2102.2806297227985], [-575.1316764728987, -2087.3564992465836], [-516.5022924057475, -2070.62639736113], [-424.3094332159557, -2038.141755056134], [-261.4205713686908, -1978.515408078549], [-66.69887778581874, -1908.6358291487622], [125.13064070511606, -1839.2778560617214], [271.10217779720136, -1784.9292847207803], [578.7453537341331, -1674.2264573153273], [792.0151359398255, -1623.5341765874114], [1208.839047199029, -1524.8205579346404], [1418.803314541926, -1476.4425550184237], [1625.1882161737622, -1427.1221374848374], [1828.2225759887856, -1378.855272718056], [1823.198792479041, -1356.2597753806283], [1813.2535760458948, -1311.5278232444412], [1802.9555036185843, -1268.2322566629605], [1781.3930725287928, -1176.5598591891455], [1761.06089101879, -1083.9499554319525], [1751.96136601293, -1051.0005798857476], [1727.02153919731, -941.3721494778033], [1702.1394207599974, -830.7430736859376], [1682.224919301598, -750.4242405178054], [1676.231286690499, -726.1366033741614], [1642.1921937048246, -610.6562252115361], [1628.3770405717041, -548.8577156495517], [1597.9484611882413, -415.31732500600583], [1550.8178274563916, -215.33111781294303], [1541.2310082764661, -173.47452910618972], [1513.9007575982976, -131.39457901236491], [1248.3522757014232, 1010.5521571425985], [1225.3140717093297, 1107.7676218726658], [1243.113082019125, 1152.0631179620625], [1236.4092309141731, 1225.054058538631], [1163.115787505436, 1532.9053339891789], [1133.7085784794058, 1672.5731745564062], [1062.2709889600267, 1975.324800353135], [1032.0882458599024, 2102.361572122644], [1008.5721287715731, 2102.359080919396], [1002.6631626941427, 2101.263763229726], [1002.4105440623891, 2102.358437678515], [998.5156769999558, 2102.358033106017], [907.2823323869425, 2082.72774254782]]], "clat": -33.53008119293821, "clon": -70.66388838433393, "env": {"solar_pvout": 1609.0, "solar_ghi": 2111.0, "temp_mean": 16.1, "temp_min": 7.3, "temp_max": 25.4, "wind_max_mean": 13.1, "precip_annual": 531.0}, "indicators": {"health_facilities": 11.0, "foreign_pop": 6336.0, "schools": 74.0}}, {"name": "San Bernardo",