{"level": "ADM3", "source": "geoBoundaries gbOpen CHL", "license": "CC-BY-4.0", "units": [{"name": "San Joaqu\u00edn", "rings": [[[-2232.2937299216073, -1820.963244748125], [-2193.6477176318485, -1648.8772737766988], [-2186.6215630465445, -1617.590215005833], [-2189.062740630743, -1617.4336071804562], [-2110.2181062671366, -1277.3726837253384], [-2093.344645777478, -1204.0964657332086], [-2081.8575582210974, -1151.9042817188438], [-2056.399746166093, -1037.4850893793794], [-2025.4888790746306, -900.9810608186089], [-1967.702486257966, -644.7671541135876], [-1965.0031596613053, -592.3334209387658], [-1961.3336480218088, -575.8927400383201], [-1947.129489208477, -512.2507837733688], [-1942.1032065309403, -490.59667384756216], [-1935.3156097660037, -469.52376607065355], [-1922.1959450957463, -439.2743868192848], [-1904.8804071748698, -411.7566100264739], [-1880.5552968982972, -381.480317728532], [-1833.3030329206892, -325.39486179232745], [-1793.5131696057308, -277.90300173970274], [-1773.9166425664969, -252.02614585027737], [-1685.5517970348997, 198.24022250978493], [-1678.4452014176557, 244.8833265354901], [-1594.448474350882, 700.0497673841788], [-1568.1115480670926, 834.4844983818356], [-1542.798730461688, 968.9034086780092], [-1488.5662823515493, 1253.054098553582], [-1431.9154022385765, 1562.0862885868012], [-1416.0497270214921, 1699.1045626661685], [-1390.0321598533196, 1842.5315569719355], [-1371.9752717374656, 1942.637179393792], [-1360.134640097618, 1996.3099957613294], [-1341.3977508435298, 2036.356030441751], [-1332.9907316867573, 2047.7136312562639], [-1325.302601214956, 2057.745810608936], [-1318.901658066325, 2066.124673077745], [-1314.7896218598776, 2071.295677409219], [-1275.7088608827573, 2117.300917572132], [-1250.5792780084453, 2145.564167213046], [-1146.0680508002515, 2263.7692803734553], [-2273.7749532258017, 2263.9691884242643], [-2274.7780326581824, -1992.0008685469784], [-2232.2937299216073, -1820.963244748125]]], "clat": -33.4973195201794, "clon": -70.6201397882264, "env": {"solar_pvout": 1617.0, "solar_ghi": 2113.0, "temp_mean": 16.7, "temp_min": 7.9, "temp_max": 26.1, "wind_max_mean": 13.1, "precip_annual": 531.0}, "indicators": {"health_facilities": 14.0, "schools": 48.0}}, {"name": "Pe\u00f1alol\u00e9n", "rings": [[[873.0649659092024, 2257.9241891311162], [878.1929431007961, 2149.8199786618416], [881.9699764219208, 2121.9743671693705], [905.4407345137478, 1891.3184353509034], [916.7003314339867, 1806.8516556071856], [1127.8729896792813, 1165.8539851183175], [1420.9450570940191, 618.4839569219871], [1423.423334468117, 614.1136724516177], [1552.337943024905, 368.8434939470709], [1648.355543457185, 185.93507147574607], [1700.6385935979722, 91.65425612541668], [1730.8712370361973, 21.14311551759576], [1724.4428558203456, 6.599468147618072], [1748.535069093635, -64.57097367853878], [1751.5846180096246, -91.25314080235144], [1762.6951692299824, -188.29083833684402], [1768.6037048844862, -197.368666289925], [1806.7651224648587, -468.55945468978524], [1844.519870089445, -684.0110211275567], [1928.4940685912661, -1159.8884955899453], [2005.2695164611605, -1598.1159013131391], [2098.9496811265435, -2166.38099267024], [2099.952456497289, -2169.728124672988], [2128.0335291440165, -2263.4591837862417], [2274.8419811704234, -2263.4257060785785], [2273.7749532258017, 2263.9691884242643], [1353.2033818060652, 2263.7961149958055], [1336.9357710715371, 2262.0816852939156], [1142.7420049047157, 2245.2483274616093], [1063.405579131017, 2259.1762103875535], [1056.4639447888655, 2263.759050317897], [938.6224610985875, 2263.746863571548], [873.0649659092024, 2257.9241891311162]]], "clat": -33.49651832933767, "clon": -70.58002595612335, "env": {"solar_pvout": 1630.0, "solar_ghi": 2108.0, "temp_mean": 16.1, "temp_min": 7.3, "temp_max": 25.4, "wind_max_mean": 13.1, "precip_annual": 531.0}, "indicators": {"health_facilities": 28.0, "schools": 72.0}}, {"name": "La Florida", "rings": [[[1063.405579131017, 2259.1762103875535], [1142.7420049047157, 2245.2483274616093], [1336.9357710715371, 2262.0816852939156], [1353.2033818060652, 2263.7961149958055], [1056.4639447888655, 2263.759050317897], [1063.405579131017, 2259.1762103875535]], [[-1250.5792780084453, 2145.564167213046], [-1275.7088608827573, 2117.300917572132], [-1314.7896218598776, 2071.295677409219], [-1318.901658066325, 2066.124673077745], [-1325.302601214956, 2057.745810608936], [-1256.4990453511919, 2059.1493087856848], [-1196.151752724603, 2061.374215482982], [-1043.7947604606077, 2064.697796507388], [-456.1654666373437, 2116.4714711028587], [-231.56372365828983, 2133.7650907808206], [8.862097578278707, 2162.667828959062], [175.64786298513627, 2177.2512292674164], [520.2362358376682, 2208.300600287117], [688.7137600441872, 2221.599157559161], [742.7131667939176, 2234.3129715355944], [858.4588986098167, 2256.629182283722], [873.0649659092024, 2257.9241891311162], [938.6224610985875, 2263.746863571548], [-1146.0680508002515, 2263.7692803734553], [-1250.5792780084453, 2145.564167213046]]], "clat": -33.50953523194587, "clon": -70.60425587483313, "env": {"solar_pvout": 1607.0, "solar_ghi": 2107.0, "temp_mean": 16.1, "temp_min": 7.3, "temp_max": 25.4, "wind_max_mean": 13.1, "precip_annual": 531.0}, "indicators": {"health_facilities": 46.0, "foreign_pop": 12178.0, "schools": 210.0}}, {"name": "Macul",