{"level": "ADM3", "source": "geoBoundaries gbOpen KOR", "license": "CC-BY-4.0", "units": [{"name": "Sajik-dong", "rings": [[[-1127.0981822975434, -832.7141819766426], [-1124.3434372449062, -833.1358563545784], [-1101.105261192595, -836.5322508252866], [-1095.6482060136052, -836.4700565299394], [-1017.0663269608563, -828.0258044055137], [-892.5364745568548, -812.311018216808], [-892.3339066671944, -809.6011471289183], [-891.9854366148319, -790.6344204024228], [-891.7621389306281, -778.0625740563393], [-891.6641463928321, -773.0065345509428], [-889.8930697568817, -751.9170632720502], [-888.4310152730307, -735.1485964893831], [-881.0483542486794, -650.7785466360398], [-879.7807926716523, -636.5959851533696], [-877.3026247126586, -609.4946763309489], [-844.9215361281591, -452.0582107037718], [-844.1395393054058, -451.4971430522525], [-832.3730658880221, -443.6122710699663], [-656.0673959654556, -417.4620269239201], [-612.1169720890015, -418.4206734982076], [-609.0148476401768, -421.82421495040575], [-563.1698336360564, 299.7706964737865], [-736.466784953118, 290.6591717898592], [-1201.5473663848613, 391.45898670749483], [-1201.3724585233174, -816.9146089233237], [-1127.0981822975434, -832.7141819766426]]], "clat": 37.57353456344156, "clon": 126.97345893929867, "env": {"solar_pvout": 1185.0, "solar_ghi": 1507.0, "temp_mean": 12.2, "temp_min": -14.9, "temp_max": 28.2, "wind_max_mean": 16.2, "precip_annual": 1632.0}}, {"name": "Samcheong-dong", "rings": [[[-102.6773647934663, -1195.0213226660323], [-102.60368075928425, -1191.8422893347088], [-100.51654251764992, -1173.734498132501], [-18.99831300198784, -757.7474712954626], [-17.082965547616563, -749.8058939260836], [-15.43972730110084, -742.9941626358702], [-10.228003949895896, -723.014494342339], [-7.816366628246789, -714.4359934890526], [54.18610644870555, -590.8474551287303], [136.00656583358784, -514.8224329607078], [29.25519094584905, -446.8410860809457], [26.510483192991128, -445.2816103585199], [-0.2746665486921442, -431.05852185266764], [-64.55530262442409, -399.18191297269885], [-87.23008942223954, -389.0098700998454], [-114.01163395993241, -381.67198578197224], [-179.51250517564245, -389.64469898318555], [-386.96366550480064, -448.6693011282486], [-386.3444585868015, -580.9144354289662], [-384.1676420155618, -699.718737549071], [-383.4054049611027, -725.302688635883], [-382.2686128919362, -753.6117489000707], [-381.26298090757, -761.1128460050318], [-379.27232922169765, -773.699200711797], [-377.1298358034112, -786.328624059839], [-372.1672484596116, -809.7443783721325], [-365.2244150552691, -842.4292811992643], [-352.1791289040152, -899.6921898021321], [-336.3686334178853, -971.7904515195818], [-319.61015261465343, -1101.6586459927528], [-324.1383029971472, -1178.0000460238641], [-327.54042681891184, -1196.4329273562705], [-102.70958872644603, -1196.42709935222], [-102.6773647934663, -1195.0213226660323]]], "clat": 37.578745342523945, "clon": 126.98194343052685, "env": {"solar_pvout": 1185.0, "solar_ghi": 1507.0, "temp_mean": 12.2, "temp_min": -14.9, "temp_max": 28.2, "wind_max_mean": 16.2, "precip_annual": 1632.0}}, {"name": "Gahoe-dong", "rings": [[[506.97793445717946, -1145.1393374214792], [506.9544637344071, -1142.7100609381293], [465.07401180114334, -626.9229354539133], [421.6655392793498, -625.5646879506505], [342.98529375071934, -615.1760733783909], [337.22338727872244, -613.8391186142028], [327.2322536225965, -609.8753208105917], [323.06266647816824, -608.192573286383], [315.1633968207789, -604.9121265581324], [301.96244916481237, -599.338679247673], [281.8432932636943, -590.6890513591967], [275.51281973168625, -587.7757608740542], [263.6350486466658, -582.3006167116891], [136.00656583358784, -514.8224329607078], [54.18610644870555, -590.8474551287303], [-7.816366628246789, -714.4359934890526], [-10.228003949895896, -723.014494342339], [-15.43972730110084, -742.9941626358702], [-17.082965547616563, -749.8058939260836], [-18.99831300198784, -757.7474712954626], [-100.51654251764992, -1173.734498132501], [-102.60368075928425, -1191.8422893347088], [-102.6773647934663, -1195.0213226660323], [-102.70958872644603, -1196.42709935222], [494.2920516796243, -1196.4411838667688], [506.97793445717946, -1145.1393374214792]]], "clat": 37.580168714458125, "clon": 126.98645486984454, "env": {"solar_pvout": 1184.0, "solar_ghi": 1507.0, "temp_mean": 12.2, "temp_min": -14.9, "temp_max": 28.2, "wind_max_mean": 16.2, "precip_annual": 1632.0}}, {"name": "Jongno1\u00b72\u00b73\u00b74Gadong", "rings": [[[1178.7332653529336, 358.8014476152744], [1134.062719812931, 365.09068511580995], [1101.4388832698735, 369.6277310541819], [1082.0954932538602, 371.88139079218774], [608.1778404352387, 421.5039454242026], [543.407352249207, 428.82553094240717], [529.704691141406, 429.64086570756757], [495.7523007805101, 431.5843908912477], [491.8924580286624, 431.7408348022643], [483.17457087604095, 432.08661690563974], [436.8929709988898, 432.53223080797306], [434.6750872237141, 432.53253435041927], [387.64297708627834, 429.9485400104388], [374.00277259662175, 429.1691044676376], [372.5969218692211, 429.0761919100174], [233.15807672455338, 418.1643243863551], [-376.4947442256396, 328.2785100343069], [-563.1698336360564, 299.7706964737865], [-609.0148476401768, -421.82421495040575], [-386.96366550480064, -448.6693011282486], [-179.51250517564245, -389.64469898318555], [-114.01163395993241, -381.67198578197224], [-87.23008942223954, -389.0098700998454], [-64.55530262442409, -399.18191297269885], [-0.2746665486921442, -431.05852185266764], [26.510483192991128, -445.2816103585199], [29.25519094584905, -446.8410860809457], [136.00656583358784, -514.8224329607078], [263.6350486466658, -582.3006167116891], [275.51281973168625, -587.7757608740542], [281.8432932636943, -590.6890513591967], [301.96244916481237, -599.338679247673], [315.1633968207789, -604.9121265581324], [323.06266647816824, -608.192573286383], [327.2322536225965, -609.8753208105917], [337.22338727872244, -613.8391186142028], [342.98529375071934, -615.1760733783909], [421.6655392793498, -625.5646879506505], [465.07401180114334, -626.9229354539133], [506.9544637344071, -1142.7100609381293], [506.97793445717946, -1145.1393374214792], [494.2920516796243, -1196.4411838667688], [1088.941588730108, -1196.4979055629703], [1103.374598209324, -1159.4554856529592], [1109.3765547008247, -1105.725060211614], [1107.9809329576344, -1060.9360992906584], [1101.1005360576676, -1025.8379922980969], [1096.6194692268834, -1010.015393913491], [1091.268539431198, -998.872544812661], [1089.3414968297452, -987.8152439980865], [1087.628621033599, -961.2250500670926], [1088.4266286409927, -949.5874844498898], [1115.789519213743, -751.312943316173], [1124.1734093386983, -708.7620457594284], [1125.918959340892, -699.970393739491], [1126.7865993575817, -696.2727123328061], [1136.9855161289825, -653.4449703375676], [1162.9243828630151, -545.8454282741812], [1201.4145310646134, -526.2691747241644], [1201.5421384836964, 355.3384838611208], [1178.7332653529336, 358.8014476152744]]], "clat": 37.57405343410257, "clon": 126.98899446162356, "env": {"solar_pvout": 1185.0, "solar_ghi": 1507.0, "temp_mean": 12.2, "temp_min": -14.9, "temp_max": 28.2, "wind_max_mean": 16.2, "precip_annual": 1632.0}}, {"name": "Ihwa-dong", "rings": [[[1162.9243828630151, -545.8454282741812], [1136.9855161289825, -653.4449703375676], [1126.7865993575817, -696.2727123328061], [1125.918959340892, -699.970393739491], [1124.1734093386983, -708.7620457594284], [1115.789519213743, -751.312943316173], [1088.4266286409927, -949.5874844498898], [1087.628621033599, -961.2250500670926], [1089.3414968297452, -987.8152439980865], [1091.268539431198, -998.872544812661], [1096.6194692268834, -1010.015393913491], [1201.3443031582128, -1011.4109924246283], [1201.4145310646134, -526.2691747241644], [1162.9243828630151, -545.8454282741812]]], "clat": 37.5793026909409, "clon": 126.99709065625979, "env": {"solar_pvout": 1185.0, "solar_ghi": 1507.0,