{"level": "ADM2", "source": "geoBoundaries gbOpen KOR", "license": "CC-BY-4.0", "units": [{"name": "Gangnam-gu", "rings": [[[3908.4154049998133, 3142.9917755825677], [4123.254292093446, 2771.7451025949485], [4507.126119958081, 2841.040038121839], [4508.017530362561, 4485.342318313629], [3131.1297513221707, 4485.974887577705], [3908.4154049998133, 3142.9917755825677]]], "clat": 37.51776543853079, "clon": 127.0314458436875, "env": {"solar_pvout": 1173.0, "solar_ghi": 1494.0, "temp_mean": 12.3, "temp_min": -14.9, "temp_max": 28.2, "wind_max_mean": 15.7, "precip_annual": 1703.0}}, {"name": "Eunpyeong-gu", "rings": [[[-4316.365496222635, -3860.7819709236687], [-4503.636866312774, -3591.7187686915204], [-4503.150562357332, -4487.816903898062], [-3686.4725193480017, -4487.413988093807], [-4316.365496222635, -3860.7819709236687]]], "clat": 37.58987721105939, "clon": 126.93803934093452, "env": {"solar_pvout": 1176.0, "solar_ghi": 1492.0, "temp_mean": 12.2, "temp_min": -14.9, "temp_max": 28.2, "wind_max_mean": 16.2, "precip_annual": 1632.0}}, {"name": "Jongno-gu", "rings": [[[380.5924638256213, -4404.56590695966], [198.20702853116077, -3995.889721572421], [-166.60571282254952, -3768.8417128953024], [-440.2314241040686, -3541.798152367665], [-303.4391541473617, -3042.2525353847395], [198.22763566416478, -3133.0769399642654], [608.6796209223551, -3133.0968868221603], [973.5470367509272, -2951.4755009735222], [1840.1662642961776, -2542.8816112514437], [2205.2795860103156, -1634.586296650667], [2980.7991538760907, -1407.7170092366364], [2991.140130936989, -1371.7251247074043], [3072.1473130188615, -1089.7838632905482], [2981.06003567694, -680.9189454721031], [2296.834244263405, -453.56425418470207], [1201.9029937510354, -725.8977160949593], [563.2371135370454, -725.8298513480107], [-75.42927092476943, -680.3843184102068], [-668.4903560477513, -544.1292297040305], [-1261.5631026398146, -459.8321930141799], [-1307.1845955371753, -453.34955146160826], [-1672.0295816116695, -1043.9591607872192], [-2173.6052674749694, -1861.6832432782069], [-1854.2856131018966, -1997.8660836457022], [-1717.3461946684433, -2497.438382224708], [-1762.8493781062532, -2997.0199724420613], [-1853.900138762244, -3723.636829367764], [-2284.1742161575744, -4486.909604146681], [373.0989773162948, -4486.603680229967], [380.5924638256213, -4404.56590695966]]], "clat": 37.57172583014722, "clon": 126.98608259162738, "env": {"solar_pvout": 1184.0, "solar_ghi": 1506.0, "temp_mean": 12.2, "temp_min": -14.9, "temp_max": 28.2, "wind_max_mean": 16.2, "precip_annual": 1632.0}}, {"name": "Seongbuk-gu", "rings": [[[4302.817396649938, -2997.947836196814], [3619.0761005856907, -2180.1244890038565], [2991.140130936989, -1371.7251247074043], [2980.7991538760907, -1407.7170092366364], [2205.2795860103156, -1634.586296650667], [1840.1662642961776, -2542.8816112514437], [973.5470367509272, -2951.4755009735222], [608.6796209223551, -3133.0968868221603], [198.22763566416478, -3133.0769399642654], [-303.4391541473617, -3042.2525353847395], [-440.2314241040686, -3541.798152367665], [-166.60571282254952, -3768.8417128953024], [198.20702853116077, -3995.889721572421], [380.5924638256213, -4404.56590695966], [373.0989773162948, -4486.603680229967], [4503.150562360161, -4487.816903898729], [4503.865853886727, -3169.7321374374856], [4302.817396649938, -2997.947836196814]]], "clat": 37.582130020116296, "clon": 127.01302694857864, "env": {"solar_pvout": 1173.0, "solar_ghi": 1494.0, "temp_mean": 12.2, "temp_min": -14.9, "temp_max": 28.2, "wind_max_mean": 16.2, "precip_annual": 1632.0}}, {"name": "Dongdaemun-gu", "rings": [[[3439.8738845606763, -869.2527485280401], [2981.06003567694, -680.9189454721031], [3072.1473130188615, -1089.7838632905482], [2991.140130936989, -1371.7251247074043], [3619.0761005856907, -2180.1244890038565], [4302.817396649938, -2997.947836196814], [4503.865853886727, -3169.7321374374856], [4504.8767482817975, -1306.5289690734078], [3439.8738845606763, -869.2527485280401]]], "clat": 37.56784722230814, "clon": 127.02985998414279, "env": {"solar_pvout": 1173.0, "solar_ghi": 1494.0, "temp_mean": 12.4, "temp_min": -15.8, "temp_max": 28.7, "wind_max_mean": 15.4, "precip_annual": 1690.0}}, {"name": "Seongdong-gu", "rings": [[[4123.254292093446, 2771.7451025949485], [3908.4154049998133, 3142.9917755825677], [2734.0322903954125, 2268.72252360464], [2617.00758950618, 2181.5842814830735], [2890.627698438091, 1636.202814011105], [2981.7937484057857, 1363.5385695951877], [3209.8232209333814, 1045.3940240769475], [3483.347920240641, 454.633860714519], [3439.8738845606763, -869.2527485280401], [4504.8767482817975, -1306.5289690734078], [4507.126119958081, 2841.040038121839], [4123.254292093446, 2771.7451025949485]]], "clat": 37.54223197799351, "clon": 127.02939475251532, "env": {"solar_pvout": 1173.0, "solar_ghi": 1494.0, "temp_mean": 12.3, "temp_min": -14.9, "temp_max": 28.2, "wind_max_mean": 15.7, "precip_annual": 1703.0}}, {"name": "Jung-gu [Central District]", "rings": [[[-668.4903560477513, -544.1292297040305], [-75.42927092476943, -680.3843184102068], [563.2371135370454, -725.8298513480107], [1201.9029937510354, -725.8977160949593], [2296.834244263405, -453.56425418470207], [2981.06003567694, -680.9189454721031], [3439.8738845606763, -869.2527485280401], [3483.347920240641, 454.633860714519], [3209.8232209333814, 1045.3940240769475], [2981.7937484057857, 1363.5385695951877], [2890.627698438091, 1636.202814011105], [2617.00758950618, 2181.5842814830735], [2734.0322903954125, 2268.72252360464], [1567.2920479128497, 1591.1185200508494], [837.1525061525531, 1273.156061322975], [-486.11673639984355, 1273.1840142458577], [-1033.687731795551, 1364.0092980274617], [-1170.5279008240045, 1000.495501668748], [-822.3572242903723, 220.6675866820019], [-805.4208581470762, 182.7315556299807], [-1261.5631026398146, -459.8321930141799], [-668.4903560477513, -544.1292297040305]]], "clat": 37.54805374906826, "clon": 127.00056162533939, "env": {"solar_pvout": 1150.0, "solar_ghi": 1462.0, "temp_mean": 12.2, "temp_min": -14.9, "temp_max": 28.2, "wind_max_mean": 16.2, "precip_annual": 1632.0}}, {"name": "Yongsan-gu", "rings": [[[-3270.760697911584, 4362.870323088968], [-3224.8669577136643, 3726.5536427521165], [-3133.3917100195176, 3226.6452661213807], [-3110.562806377698, 3203.9298195422953], [-2859.453717030026, 2954.0602689600337], [-2174.758606476618, 2545.2586171816965], [-1033.687731795551, 1364.0092980274617], [-486.11673639984355, 1273.1840142458577], [837.1525061525531, 1273.156061322975], [1567.2920479128497, 1591.1185200508494], [2734.0322903954125, 2268.72252360464], [3908.4154049998133, 3142.9917755825677], [3131.1297513221707, 4485.974887577705], [-3270.809093406028, 4485.92110912096], [-3270.760697911584, 4362.870323088968]]], "clat": 37.52382244538253, "clon": 126.98886226373439, "env": {"solar_pvout": 1185.0, "solar_ghi": 1507.0, "temp_mean": 12.3, "temp_min": -14.9, "temp_max": 28.2, "wind_max_mean": 15.7, "precip_annual": 1703.0}}, {"name": "Seodaemun-gu", "rings": [[[-1853.900138762244, -3723.636829367764], [-1762.8493781062532, -2997.0199724420613], [-1717.3461946684433, -2497.438382224708], [-1854.2856131018966, -1997.8660836457022], [-2173.6052674749694, -1861.6832432782069], [-1672.0295816116695, -1043.9591607872192], [-1307.1845955371753, -453.34955146160826], [-1261.5631026398146, -459.8321930141799], [-805.4208581470762, 182.7315556299807], [-822.3572242903723, 220.6675866820019], [-2219.849308966286, 500.500694912614], [-3269.2589687475497, 545.5874763294303], [-3953.648594193873, 545.2899655559046], [-4318.6328196620125, 499.67477959440515], [-4505.811479210207, 416.7168024148631], [-4503.636866312774, -3591.7187686915204], [-4316.365496222635, -3860.7819709236687], [-3686.4725193480017, -4487.413988093807], [-2284.1742161575744, -4486.909604146681], [-1853.900138762244, -3723.636829367764]]], "clat": 37.56816241702788, "clon": 126.95143260182957, "env": {"solar_pvout": 1180.0, "solar_ghi": 1497.0,