{"level": "ADM3", "source": "geoBoundaries gbOpen CHL", "license": "CC-BY-4.0", "units": [{"name": "San Miguel", "rings": [[[604.5576515812159, 1743.7183382338444], [766.7422170951431, 1334.9228360390803], [991.1855512065267, 833.7304333656858], [1004.9055769423976, 803.0936899518089], [1252.3294711950412, 142.29328008578503], [1408.130236267485, -323.8993390227251], [1415.747158429109, -341.9504591841874], [1738.8388194518052, -1107.7162466818354], [1915.8486130226765, -1554.4349676937875], [1942.2962241003722, -1612.9898587667647], [1941.582486176535, 1933.1098896917408], [529.5021177175456, 1932.92900386259], [604.5576515812159, 1743.7183382338444]]], "clat": -33.49991258773531, "clon": -70.66103225412324, "env": {"solar_pvout": 1618.0, "solar_ghi": 2115.0, "temp_mean": 16.9, "temp_min": 8.1, "temp_max": 26.2, "wind_max_mean": 13.1, "precip_annual": 531.0}, "indicators": {"health_facilities": 33.0, "foreign_pop": 12093.0, "schools": 69.0}}, {"name": "Santiago", "rings": [[[1903.919275281082, -1846.7666047916969], [1827.7559441976234, -1858.9026738956652], [1729.7189796714188, -1867.7620572865305], [1540.927801545873, -1885.355004760451], [1471.9800920347082, -1893.7363672282588], [1413.826447349339, -1894.675398715172], [1239.2824412782677, -1893.8560056289652], [1093.7606538439854, -1888.929647883017], [1086.8334019196802, -1888.7219140229013], [857.3007785939374, -1881.8501263840635], [799.256497303646, -1890.0554572484161], [744.7319611729441, -1890.9359197660667], [686.511640058088, -1888.2379529861591], [646.4688874011924, -1885.2547192817444], [588.2485351531382, -1882.5568252529738], [529.9613726053923, -1876.229955210055], [493.6877525567468, -1867.7768726119843], [480.70279487089743, -1864.7509350718387], [484.42482183133757, -1633.7643681047075], [-374.76221219770247, -1634.399345999898], [-358.34969461755986, -1854.546049274504], [-243.73619020280123, -1850.3060939703864], [-43.17218492222644, -1842.288958235912], [59.42122124873418, -1833.4645251678403], [152.69186091131607, -1839.126051013556], [243.6511253897852, -1849.6031297290513], [305.908641851485, -1858.154632545763], [453.88548944247924, -1848.597427189892], [457.0565618816094, -1926.6753437146829], [448.08371377517176, -1932.8986238781906], [1942.3605564757106, -1932.7135862243242], [1942.3420305040358, -1840.6401978143754], [1903.919275281082, -1846.7666047916969]]], "clat": -33.477066999423656, "clon": -70.67247532644565, "env": {"solar_pvout": 1618.0, "solar_ghi": 2115.0, "temp_mean": 16.8, "temp_min": 7.6, "temp_max": 25.9, "wind_max_mean": 14.1, "precip_annual": 505.0}, "indicators": {"health_facilities": 111.0, "foreign_pop": 98284.0, "schools": 147.0}}, {"name": "Cerrillos", "rings": [[[-1900.427079976783, -1531.5622062099765], [-1829.8409034085003, -1557.6150076157937], [-1757.8436392438675, -1582.7209062100305], [-1682.850480543966, -1605.2399654096803], [-1529.168212502477, -1647.14961644293], [-1417.8108046665784, -1674.76376793624], [-1373.3394286244488, -1672.1678466338612], [-1363.9456794473683, -1671.6194938978142], [-1286.5461588428388, -1660.9794790367152], [-992.4565809372898, -1664.259958351044], [-817.6643803096506, -1673.8185270497447], [-804.543899792085, -1617.4923514495222], [-811.4128711413441, -1488.4678855288253], [-858.5366807359568, -1235.7517597409985], [-928.468271795914, -1062.9988271793052], [-1047.284320590953, -706.7750810952609], [-1082.019534153805, -628.5685986057258], [-1114.0392908774265, -546.5080629827754], [-1139.1813119783956, -475.7997470695597], [-1184.7964787867263, -368.26302030180375], [-1212.4359537097882, -286.0005796468951], [-1273.855128246266, -96.26160043712433], [-1307.35652490294, 4.863609107049999], [-1329.0618888385545, 60.583413529054184], [-1393.7140505483676, 219.49933803826264], [-1505.9012752083327, 488.10002273617835], [-1518.1055067690972, 518.1836322259759], [-1601.6432991808376, 728.8777492963538], [-1606.2173603514548, 727.5830414119586], [-1719.8664693616613, 1024.3164137418983], [-1830.4196970872326, 1312.9440011252848], [-1857.3850956528647, 1383.38498755057], [-1941.6522995602302, 1586.3405163819841], [-1942.2767378621559, -1516.1489262599382], [-1900.427079976783, -1531.5622062099765]]], "clat": -33.488299218238254, "clon": -70.69333307591667, "env": {"solar_pvout": 1618.0, "solar_ghi": 2116.0, "temp_mean": 16.6, "temp_min": 7.4, "temp_max": 26.5, "wind_max_mean": 15.7, "precip_annual": 772.0}, "indicators": {"health_facilities": 10.0, "schools": 37.0}}, {"name": "Estaci\u00f3n Central", "rings": [[[457.0565618816094, -1926.6753437146829], [453.88548944247924, -1848.597427189892], [305.908641851485, -1858.154632545763], [243.6511253897852, -1849.6031297290513], [152.69186091131607, -1839.126051013556], [59.42122124873418, -1833.4645251678403], [-43.17218492222644, -1842.288958235912], [-243.73619020280123, -1850.3060939703864], [-358.34969461755986, -1854.546049274504], [-374.76221219770247, -1634.399345999898], [-398.7272000923961, -1634.4165754314606], [-413.03899426295607, -1624.458980578824], [-411.0226983900935, -1645.5784549715584], [-504.22194094037184, -1649.7302788267966], [-817.6643803096506, -1673.8185270497447], [-992.4565809372898, -1664.259958351044], [-1286.5461588428388, -1660.9794790367152], [-1363.9456794473683, -1671.6194938978142], [-1373.3394286244488, -1672.1678466338612], [-1417.8108046665784, -1674.76376793624], [-1529.168212502477, -1647.14961644293], [-1682.850480543966, -1605.2399654096803], [-1757.8436392438675, -1582.7209062100305], [-1829.8409034085003, -1557.6150076157937], [-1900.427079976783, -1531.5622062099765], [-1942.2767378621559, -1516.1489262599382], [-1942.360556476913, -1932.7135862241196], [448.08371377517176, -1932.8986238781906], [457.0565618816094, -1926.6753437146829]]], "clat": -33.476980690369174, "clon": -70.68796312687134, "env": {"solar_pvout": 1618.0, "solar_ghi": 2115.0, "temp_mean": 16.6, "temp_min": 7.4, "temp_max": 26.5, "wind_max_mean": 15.7, "precip_annual": 772.0}, "indicators": {"health_facilities": 18.0, "schools": 60.0}}, {"name": "Lo Espejo", "rings": [[[-1857.3850956528647, 1383.38498755057], [-1830.4196970872326, 1312.9440011252848], [-1719.8664693616613, 1024.3164137418983], [-1708.5019681755223, 1028.627595989819], [-1674.351437117796, 1015.5363740049845], [-1644.9580812820684, 1009.325266947751], [-1598.7131138724212, 1024.1003672864986], [-1466.247258810869, 1078.6078084097421], [-1288.1557745334337, 1152.2478790195914], [-1109.546401817211, 1225.7900320874137], [-984.5271299312493, 1278.1779745668441], [-712.4720033625839, 1390.6025691362229], [-650.6695058497288, 1409.6032293037163], [-536.645160165557, 1459.0367908841079], [-394.1091342624445, 1538.7800540519568], [-271.4576197680776, 1598.7749346056612], [-150.60771300708075, 1660.7402340171195], [-114.64303099109448, 1674.3250948111738], [21.233639160090387, 1682.0930428594693], [89.13821263178025, 1715.9578862852122], [204.10345607697485, 1776.5006849631516], [475.01892985181433, 1916.4060558192816], [509.75232757608484, 1932.9279398625606], [-1941.5824861776614, 1933.1098896921144], [-1941.6522995602302, 1586.3405163819841], [-1857.3850956528647, 1383.38498755057]]], "clat": -33.50772542796474, "clon": -70.68828377687309, "env": {"solar_pvout": 1609.0, "solar_ghi": 2111.0, "temp_mean": 16.6, "temp_min": 7.4, "temp_max": 26.5, "wind_max_mean": 15.7, "precip_annual": 772.0}, "indicators": {"health_facilities": 10.0, "schools": 37.0}}, {"name": "Pedro Aguirre Cerda",