{"level": "ADM2", "source": "geoBoundaries gbOpen JPN", "license": "CC-BY-4.0", "units": [{"name": "Shinjuku", "rings": [[[-4839.055258253268, -4141.315326959328], [-4714.377361596979, -4274.282017061348], [-4278.948185680127, -4194.474394803704], [-4178.015339964136, -4050.008787221331], [-4294.327184150089, -3899.799439413327], [-4181.69154844952, -3736.6990621352875], [-4196.334920251792, -3519.136666750633], [-4327.6364956183315, -3298.9342406600554], [-4125.621741442182, -3166.4814448142088], [-3666.225557606171, -3306.192677381546], [-3455.0132022778303, -3159.0277852204376], [-3316.0900325015073, -3196.3218754578256], [-2907.9243954370554, -3029.981380600675], [-2705.7137728152475, -3064.879016556926], [-2575.3958676201482, -2796.731849292059], [-2336.6769898606144, -2693.090654255748], [-1843.7619364529035, -2679.2941353214587], [-1718.7716523570416, -2494.8309025247786], [-1488.871564756879, -2688.8250794958017], [-835.9448744096842, -2570.707223746451], [-782.6207139140972, -2521.072824015117], [-620.701674667489, -1944.878284308947], [-1318.9463299518704, -896.9773199678127], [-1774.2342898237464, -555.5977587001533], [-1872.8344983364043, -417.3702248314532], [-1979.2658905846397, -2.117602175076821], [-1831.7261286330097, 394.3385034623453], [-2156.5331905048834, 260.3008595717929], [-2327.8107030916103, 598.1542606767823], [-2543.1136990243713, 670.8139361597532], [-2993.1295635730557, 678.3850865821923], [-2890.0325902921213, 944.9173139350049], [-3069.3236337830626, 1220.020685847005], [-3241.2117846522924, 1298.9249324629707], [-3555.844344166221, 957.5798445282998], [-3394.7313807429405, 471.18018307170365], [-3686.8924505311284, 183.58427479866234], [-4072.9419860435746, 38.85492776882608], [-4091.0037833834153, -132.12114893929348], [-4247.847492105065, -339.54410133933476], [-4451.422142463891, -319.6610179267738], [-4731.548065293358, -419.9520983987829], [-5005.524314843314, -280.357918233306], [-5003.353554673588, -4134.847321053451], [-4839.055258253268, -4141.315326959328]]], "clat": 35.698864520305364, "clon": 139.7168125394207, "env": {"solar_pvout": 1086.0, "solar_ghi": 1391.0, "temp_mean": 16.7, "temp_min": -1.8, "temp_max": 32.2, "wind_max_mean": 26.9, "precip_annual": 1369.0}}, {"name": "Bunkyo", "rings": [[[1162.231051289008, -4726.365060716034], [1050.0433997765256, -4049.831852545476], [1448.612188384743, -3569.4690021750516], [1263.744878753083, -3494.269611729546], [1233.7310744504907, -3167.262565289507], [1422.6758454823755, -3082.64423366294], [1453.297873218109, -2803.711676403713], [1761.7298308482689, -2677.535522591376], [1628.7120723724363, -2486.5035172695043], [1615.7700499243322, -2244.0232253782315], [1607.5565312999502, -2073.4750580806412], [1283.642533062588, -1866.1501361504288], [1508.5552805618518, -1721.169274763221], [1306.2691147353398, -1612.3030033261875], [1036.9273816162402, -1693.5409022670876], [920.3013665514413, -1810.1068670655256], [492.53973976525293, -1842.0607563530978], [-261.44727902547663, -1988.9977580649613], [-620.701674667489, -1944.878284308947], [-782.6207139140972, -2521.072824015117], [-835.9448744096842, -2570.707223746451], [-1488.871564756879, -2688.8250794958017], [-1718.7716523570416, -2494.8309025247786], [-1843.7619364529035, -2679.2941353214587], [-2336.6769898606144, -2693.090654255748], [-2575.3958676201482, -2796.731849292059], [-2705.7137728152475, -3064.879016556926], [-3141.189805950126, -3285.3874520647278], [-3053.226091235436, -3656.4971210391], [-2703.789771003927, -3737.3912808706013], [-2468.2401151848653, -3884.713769156616], [-2646.770770973103, -4455.0680744559695], [-2308.6088828470656, -4666.11910446777], [-1812.8816140458339, -4338.911935373438], [-1322.1803427611228, -4648.719659017119], [-1450.7891796378728, -4921.353638918411], [-1385.7504014906026, -4983.650443694706], [1027.1067552105133, -4983.601734812503], [1162.231051289008, -4726.365060716034]]], "clat": 35.71619159562269, "clon": 139.74707095226597, "env": {"solar_pvout": 1083.0, "solar_ghi": 1391.0, "temp_mean": 16.7, "temp_min": -1.7, "temp_max": 32.2, "wind_max_mean": 26.7, "precip_annual": 1360.0}}, {"name": "Taito", "rings": [[[4408.025744367901, -2988.258965140285], [4035.1753737817635, -2455.692964346858], [3776.421398815889, -1814.6117163621868], [3339.4951866305605, -1088.2910180917252], [2781.538868458486, -1289.1686325783705], [2548.9220632629563, -1425.13885671392], [2584.570574659034, -1680.830253934426], [2128.0212614819197, -1731.181953003448], [1930.4890487322805, -1855.2050308098267], [1923.912264355307, -2218.898133222895], [1615.7700499243322, -2244.0232253782315], [1628.7120723724363, -2486.5035172695043], [1761.7298308482689, -2677.535522591376], [1453.297873218109, -2803.711676403713], [1422.6758454823755, -3082.64423366294], [1233.7310744504907, -3167.262565289507], [1263.744878753083, -3494.269611729546], [1448.612188384743, -3569.4690021750516], [1050.0433997765256, -4049.831852545476], [1162.231051289008, -4726.365060716034], [1027.1067552105133, -4983.601734812503], [1169.44702881263, -4983.619333612398], [1230.6265321721621, -4936.06619587016], [1376.3035073046296, -4694.895818844197], [1625.5850371024624, -4787.895169065214], [1920.6267671964827, -4522.674257080151], [2000.9657996220144, -4614.595135735486], [2252.89613419573, -4449.167663482479], [2582.5270728224727, -4413.741022784383], [2875.0065276150394, -4727.730659764359], [3245.312567185409, -4749.516439198183], [3402.2559559859405, -4842.155165339211], [3485.411988382756, -4984.226142530157], [3850.222026728929, -4984.376774760086], [3906.06912618018, -4874.0841610755915], [4470.940524404034, -4900.080739888525], [5002.972132343607, -4811.892288826714], [5003.613034495148, -3674.2185795069463], [4408.025744367901, -2988.258965140285]]], "clat": 35.715206535567646, "clon": 139.78561252815297, "env": {"solar_pvout": 1100.0, "solar_ghi": 1413.0, "temp_mean": 16.7, "temp_min": -1.7, "temp_max": 32.2, "wind_max_mean": 26.7, "precip_annual": 1360.0}}, {"name": "Sumida", "rings": [[[4784.669938743443, -188.83162500103649], [4771.961917667674, -372.76308476347623], [4397.232819184003, -348.9922811258444], [4305.515337216125, -546.8325446720834], [4073.6323767027434, -410.228554948952], [4018.8353687469325, -546.365469036077], [3752.3481494414195, -634.5234324122567], [3482.24584238746, -468.0834716853853], [3353.2588196297347, -712.1089174105085], [3339.4951866305605, -1088.2910180917252], [3776.421398815889, -1814.6117163621868], [4035.1753737817635, -2455.692964346858], [4408.025744367901, -2988.258965140285], [5003.613034495148, -3674.2185795069463], [5005.567541539862, -203.58082504706198], [4784.669938743443, -188.83162500103649]]], "clat": 35.69964237580811, "clon": 139.80040364130562, "env": {"solar_pvout": 1094.0, "solar_ghi": 1413.0, "temp_mean": 16.8, "temp_min": -1.4, "temp_max": 31.1, "wind_max_mean": 28.2, "precip_annual": 1322.0}}, {"name": "Chuo",