{"level": "ADM2", "source": "geoBoundaries gbOpen JPN", "license": "CC-BY-4.0", "units": [{"name": "Shinjuku", "rings": [[[-4278.948185680127, -4194.474394803704], [-4178.015339964136, -4050.008787221331], [-4294.327184150089, -3899.799439413327], [-4181.69154844952, -3736.6990621352875], [-4196.334920251792, -3519.136666750633], [-4327.6364956183315, -3298.9342406600554], [-4125.621741442182, -3166.4814448142088], [-3666.225557606171, -3306.192677381546], [-3455.0132022778303, -3159.0277852204376], [-3316.0900325015073, -3196.3218754578256], [-2907.9243954370554, -3029.981380600675], [-2705.7137728152475, -3064.879016556926], [-2575.3958676201482, -2796.731849292059], [-2336.6769898606144, -2693.090654255748], [-1843.7619364529035, -2679.2941353214587], [-1718.7716523570416, -2494.8309025247786], [-1488.871564756879, -2688.8250794958017], [-835.9448744096842, -2570.707223746451], [-782.6207139140972, -2521.072824015117], [-620.701674667489, -1944.878284308947], [-1318.9463299518704, -896.9773199678127], [-1774.2342898237464, -555.5977587001533], [-1872.8344983364043, -417.3702248314532], [-1979.2658905846397, -2.117602175076821], [-1831.7261286330097, 394.3385034623453], [-2156.5331905048834, 260.3008595717929], [-2327.8107030916103, 598.1542606767823], [-2543.1136990243713, 670.8139361597532], [-2993.1295635730557, 678.3850865821923], [-2890.0325902921213, 944.9173139350049], [-3069.3236337830626, 1220.020685847005], [-3241.2117846522924, 1298.9249324629707], [-3555.844344166221, 957.5798445282998], [-3394.7313807429405, 471.18018307170365], [-3686.8924505311284, 183.58427479866234], [-4072.9419860435746, 38.85492776882608], [-4091.0037833834153, -132.12114893929348], [-4247.847492105065, -339.54410133933476], [-4451.422142463891, -319.6610179267738], [-4504.942168324123, -338.8214753698508], [-4502.967061608532, -4235.5308413150005], [-4278.948185680127, -4194.474394803704]]], "clat": 35.69771831969363, "clon": 139.71977279861818, "env": {"solar_pvout": 1086.0, "solar_ghi": 1391.0, "temp_mean": 16.7, "temp_min": -1.8, "temp_max": 32.2, "wind_max_mean": 26.9, "precip_annual": 1369.0}}, {"name": "Bunkyo", "rings": [[[1050.0433997765256, -4049.831852545476], [1448.612188384743, -3569.4690021750516], [1263.744878753083, -3494.269611729546], [1233.7310744504907, -3167.262565289507], [1422.6758454823755, -3082.64423366294], [1453.297873218109, -2803.711676403713], [1761.7298308482689, -2677.535522591376], [1628.7120723724363, -2486.5035172695043], [1615.7700499243322, -2244.0232253782315], [1607.5565312999502, -2073.4750580806412], [1283.642533062588, -1866.1501361504288], [1508.5552805618518, -1721.169274763221], [1306.2691147353398, -1612.3030033261875], [1036.9273816162402, -1693.5409022670876], [920.3013665514413, -1810.1068670655256], [492.53973976525293, -1842.0607563530978], [-261.44727902547663, -1988.9977580649613], [-620.701674667489, -1944.878284308947], [-782.6207139140972, -2521.072824015117], [-835.9448744096842, -2570.707223746451], [-1488.871564756879, -2688.8250794958017], [-1718.7716523570416, -2494.8309025247786], [-1843.7619364529035, -2679.2941353214587], [-2336.6769898606144, -2693.090654255748], [-2575.3958676201482, -2796.731849292059], [-2705.7137728152475, -3064.879016556926], [-3141.189805950126, -3285.3874520647278], [-3053.226091235436, -3656.4971210391], [-2703.789771003927, -3737.3912808706013], [-2468.2401151848653, -3884.713769156616], [-2646.770770973103, -4455.0680744559695], [-2597.9019418327566, -4485.566297374251], [-2034.8540479019923, -4485.419486567191], [-1812.8816140458339, -4338.911935373438], [-1580.9664672592664, -4485.327117103801], [1122.2508178916046, -4485.257326370701], [1050.0433997765256, -4049.831852545476]]], "clat": 35.71456450815986, "clon": 139.7467323175806, "env": {"solar_pvout": 1083.0, "solar_ghi": 1391.0, "temp_mean": 16.7, "temp_min": -1.7, "temp_max": 32.2, "wind_max_mean": 26.7, "precip_annual": 1360.0}}, {"name": "Taito", "rings": [[[4408.025744367901, -2988.258965140285], [4035.1753737817635, -2455.692964346858], [3776.421398815889, -1814.6117163621868], [3339.4951866305605, -1088.2910180917252], [2781.538868458486, -1289.1686325783705], [2548.9220632629563, -1425.13885671392], [2584.570574659034, -1680.830253934426], [2128.0212614819197, -1731.181953003448], [1930.4890487322805, -1855.2050308098267], [1923.912264355307, -2218.898133222895], [1615.7700499243322, -2244.0232253782315], [1628.7120723724363, -2486.5035172695043], [1761.7298308482689, -2677.535522591376], [1453.297873218109, -2803.711676403713], [1422.6758454823755, -3082.64423366294], [1233.7310744504907, -3167.262565289507], [1263.744878753083, -3494.269611729546], [1448.612188384743, -3569.4690021750516], [1050.0433997765256, -4049.831852545476], [1122.2508178916046, -4485.257326370701], [2197.6272584156463, -4485.458261516255], [2252.89613419573, -4449.167663482479], [2582.5270728224727, -4413.741022784383], [2649.4486931756483, -4485.581520880259], [4502.839902957158, -4486.327600934157], [4503.543620557945, -3098.2605137394003], [4408.025744367901, -2988.258965140285]]], "clat": 35.71332626107083, "clon": 139.78386356573316, "env": {"solar_pvout": 1100.0, "solar_ghi": 1413.0, "temp_mean": 16.8, "temp_min": -1.4, "temp_max": 31.1, "wind_max_mean": 28.2, "precip_annual": 1322.0}}, {"name": "Sumida", "rings": [[[4397.232819184003, -348.9922811258444], [4305.515337216125, -546.8325446720834], [4073.6323767027434, -410.228554948952], [4018.8353687469325, -546.365469036077], [3752.3481494414195, -634.5234324122567], [3482.24584238746, -468.0834716853853], [3353.2588196297347, -712.1089174105085], [3339.4951866305605, -1088.2910180917252], [3776.421398815889, -1814.6117163621868], [4035.1753737817635, -2455.692964346858], [4408.025744367901, -2988.258965140285], [4503.543620557945, -3098.2605137394003], [4504.9335534832335, -355.8226073944439], [4397.232819184003, -348.9922811258444]]], "clat": 35.69805043387815, "clon": 139.7969036027823, "env": {"solar_pvout": 1103.0, "solar_ghi": 1413.0, "temp_mean": 16.8, "temp_min": -1.4, "temp_max": 31.1, "wind_max_mean": 28.2, "precip_annual": 1322.0}}, {"name": "Chuo", "rings": [[[1416.6538123869866, 3764.384576923684], [1143.9732169966003, 3711.1998761430427], [1264.8433642229695, 3275.7722551278616], [680.9922323284027, 2885.0719312081997], [987.8832081846535, 2378.2665264664042], [1017.2440897258839, 2194.59196403166], [923.8556931140317, 1999.8799478479702], [593.4856079062573, 1816.325533628731], [763.2684358919613, 1433.7913578338084], [1053.2836758169633, 1305.6110872206107], [1276.7774299699668, 997.8204270238405], [1734.4216799750368, 73.43716346087913], [1664.4902692553983, -138.3812826502389], [1442.5395119648044, -398.7829926080893], [2562.495035117261, -870.3870008645428], [2784.829746167515, -1069.5707384804293], [2781.538868458486, -1289.1686325783705], [3339.4951866305605, -1088.2910180917252], [3353.2588196297347, -712.1089174105085], [3482.24584238746, -468.0834716853853], [3620.4920487215954, -310.2522182215708], [3725.2318659997673, -3.6540897869023357], [3682.3750939634297, 161.07375083590307], [3383.070028547297, 609.6318997949494], [3240.766014752144, 895.4999812343762], [3130.2244737422693, 1346.0198415754717], [3256.9491677898477, 1750.952517089621], [3302.4114543182554, 2075.528362971124], [3403.6502035317894, 3434.4391977907235], [2085.719529018944, 4484.911827502922], [2002.2720693724552, 4484.930995369081], [1416.6538123869866, 3764.384576923684]]], "clat": 35.66989734373041, "clon": 139.77711573274553, "env": {"solar_pvout": 1103.0, "solar_ghi": 1413.0, "temp_mean": 16.8, "temp_min": -1.4, "temp_max": 31.1, "wind_max_mean": 28.2, "precip_annual": 1322.0}}, {"name": "Meguro", "rings": [[[-4265.995666220354, 4484.133695614645], [-4507.385140859202, 4484.014698606714], [-4507.281850684533, 4280.033817117151], [-4265.995666220354, 4484.133695614645]]], "clat": 35.6451888149107, "clon": 139.70311966918723, "env": {"solar_pvout": 1086.0, "solar_ghi": 1391.0,