{"level": "ADM2", "source": "geoBoundaries gbOpen THA", "license": "CC-BY-4.0", "units": [{"name": "Bangkok Yai", "rings": [[[-1295.2267610475544, -71.11079619390935], [-1205.912533737543, 76.99029211102335], [-1148.81822638444, 171.6644982173196], [-1015.7683064446253, 366.5467648549973], [-979.2512261965944, 420.0342753508937], [-976.6465882664995, 423.4258385173539], [-1045.5562316695841, 484.3184145683431], [-1059.243878725583, 498.9081111848073], [-1062.7631354371808, 502.65966725803486], [-1080.5130977128297, 520.8639173140117], [-1102.291896164455, 546.1103591682595], [-1119.793532119297, 565.3888772314018], [-1129.1610369936977, 574.6404885095238], [-1146.0241651996234, 591.3391838085516], [-1194.917318394852, 646.998327794975], [-1213.03334585277, 669.6093598056938], [-1221.1535307644137, 680.1962726107016], [-1270.4881627661844, 744.5181230575712], [-1300.174723889142, 804.0758419527609], [-1300.2799049560442, 804.2914707933267], [-1300.2357596648574, -81.24106982557893], [-1295.2267610475544, -71.11079619390935]]], "clat": 13.742623288722525, "clon": 100.48994671416206, "env": {"solar_pvout": 1420.0, "solar_ghi": 1894.0, "temp_mean": 28.2, "temp_min": 22.3, "temp_max": 33.2, "wind_max_mean": 15.6, "precip_annual": 1721.0}}, {"name": "Khlong San", "rings": [[[-509.0712269955062, 1205.4828382738017], [-494.1153664639914, 1161.529186705947], [-480.164559722897, 1124.3089794897094], [-471.12577204660704, 1102.9436084810568], [-453.1743535177752, 1041.6789582307292], [-449.46834252381404, 1026.2976147082438], [-434.87281821151157, 967.8547956796701], [-434.16402729198916, 965.0164173110312], [-424.82038172165863, 933.3030509005856], [-396.13302456918444, 848.7579721098637], [-362.54560006845577, 750.2836241668331], [-313.22115302003743, 763.16881948766], [-246.50316395659087, 783.6284067798064], [-153.33332094890815, 808.4630188775725], [-129.06241070876925, 815.111212877602], [140.83940954716397, 875.9222976575994], [220.49968815505053, 896.0308923175751], [339.898133508242, 926.1700950635382], [425.155807828894, 948.7861294543429], [517.9541714161422, 973.4028261407458], [599.433026470674, 998.1644998489868], [759.7740329758806, 1084.4779149337835], [878.5516106904493, 1168.564429987565], [883.0731989191069, 1171.7653348438546], [955.5687598175108, 1237.3377136314075], [989.2635997232175, 1292.0045017167731], [-538.4456175978454, 1292.017702318078], [-509.0712269955062, 1205.4828382738017]]], "clat": 13.736109509900079, "clon": 100.50206640542564, "env": {"solar_pvout": 1408.0, "solar_ghi": 1876.0, "temp_mean": 28.2, "temp_min": 22.3, "temp_max": 33.2, "wind_max_mean": 15.6, "precip_annual": 1721.0}}, {"name": "Phra Nakhon", "rings": [[[602.2477626551162, -1283.0670352279517], [584.3363622466505, -1244.4250713895851], [576.5007702217345, -1227.5208760002524], [572.4694804454958, -1218.6206965338815], [564.456529570516, -1200.9294288934525], [556.2067377103291, -1182.7161730826788], [555.3889709485283, -1180.9101157312173], [540.3866830412217, -1147.7890379621786], [533.9500953569778, -1143.12975618021], [523.9816962738055, -1135.913692261925], [509.1489938564737, -1126.542768788002], [539.3265368983209, -1073.783867905584], [543.343816604476, -1066.3852069264187], [544.7973608168417, -1058.9979991617126], [545.2553973278838, -1052.2450530719445], [542.3737132926551, -1041.5135278469977], [538.1119872732694, -1029.4109597959819], [491.3043488571454, -861.0486208045521], [450.02733021057225, -676.3017977625224], [369.9747067785311, -327.51672181656335], [343.15048793291976, -215.54892498930948], [336.9831069519976, -188.83443110154892], [333.51533310828177, -173.97760592233203], [313.4436035182908, -93.77769568853795], [287.8780236211135, 20.05369013431804], [272.4749166713997, 68.2617131420146], [266.509231857534, 86.75430538921994], [256.37407519664316, 106.63598473921289], [236.16820669914387, 138.04269732440554], [186.99213835368448, 208.47902566971007], [57.97133430738387, 400.744895511756], [-7.248569752430948, 510.37567672952446], [-27.37406568462687, 545.9812908079389], [-129.06241070876925, 815.111212877602], [-153.33332094890815, 808.4630188775725], [-246.50316395659087, 783.6284067798064], [-313.22115302003743, 763.16881948766], [-362.54560006845577, 750.2836241668331], [-511.52368947782065, 709.6096615764397], [-586.6793267332624, 686.626352618181], [-694.0597659514516, 640.1116129202284], [-817.5102846767392, 575.0540628715721], [-824.7880068867677, 569.5112543666429], [-852.7633795596206, 544.7096433743556], [-925.3601823537141, 478.8745283668572], [-941.0244307862449, 465.0250970526289], [-963.8721134183304, 439.6284332201428], [-976.6465882664995, 423.4258385173539], [-979.2512261965944, 420.0342753508937], [-1015.7683064446253, 366.5467648549973], [-1148.81822638444, 171.6644982173196], [-1205.912533737543, 76.99029211102335], [-1295.2267610475544, -71.11079619390935], [-1300.2357596648574, -81.24106982557893], [-1300.175371245226, -1292.056902425534], [606.4030262201991, -1292.0315331705833], [602.2477626551162, -1283.0670352279517]]], "clat": 13.749712238415178, "clon": 100.49699981496708, "env": {"solar_pvout": 1420.0, "solar_ghi": 1894.0, "temp_mean": 28.2, "temp_min": 22.3, "temp_max": 33.2, "wind_max_mean": 15.6, "precip_annual": 1721.0}}, {"name": "Pom Prap Sattru Phai",